file_name,overlap,FL,FL,FL,FL,FL,FL,FL,FL,FL,FL,FL,FL,FL,FL,FL,FL,FL,FL,FL,FL,FL,FL,FL,FL,FL,RL,RL,RL,RL,RL,RL,RL,RL,RL,RL,RL,RL,RL,RL,RL,RL,RL,RL,RL,RL,RL,RL,RL,RL,RL,FR,FR,FR,FR,FR,FR,FR,FR,FR,FR,FR,FR,FR,FR,FR,FR,FR,FR,FR,FR,FR,FR,FR,FR,FR,RR,RR,RR,RR,RR,RR,RR,RR,RR,RR,RR,RR,RR,RR,RR,RR,RR,RR,RR,RR,RR,RR,RR,RR,RR
0,0,ptrn,n_mask,n_point,n_resp,1,1_x,1_y,2,2_x,2_y,3,3_x,3_y,4,4_x,4_y,5,5_x,5_y,6,6_x,6_y,7,7_x,7_y,ptrn,n_mask,n_point,n_resp,1,1_x,1_y,2,2_x,2_y,3,3_x,3_y,4,4_x,4_y,5,5_x,5_y,6,6_x,6_y,7,7_x,7_y,ptrn,n_mask,n_point,n_resp,1,1_x,1_y,2,2_x,2_y,3,3_x,3_y,4,4_x,4_y,5,5_x,5_y,6,6_x,6_y,7,7_x,7_y,ptrn,n_mask,n_point,n_resp,1,1_x,1_y,2,2_x,2_y,3,3_x,3_y,4,4_x,4_y,5,5_x,5_y,6,6_x,6_y,7,7_x,7_y
20251209085802_B_9999856132_TR.jpg,FALSE,0,4,2,2,0,0,0,4.3,0,0,4.9,0,0,0,0,0,0,0,0,0,0,0,0,0,0,0,3,2,3,5.8,0,0,6.4,0,0,0,0,0,3.2,0,0,0,0,0,0,0,0,0,0,0,0,3,1,4,0,0,0,6.9,0,0,0,0,0,3.5,0,0,1.9,0,0,2.6,0,0,0,0,0,0,4,2,3,6.7,0,0,6.9,0,0,0,0,0,0,0,0,1.6,0,0,0,0,0,0,0,0
20251209090116_A_1003254260_TR.jpg,FALSE,0,3,3,3,4.5,293,102,4.9,218,99,4.3,145,102,0,0,0,0,0,0,0,0,0,0,0,0,0,3,3,3,4.8,292,30,4.1,217,71,3.1,139,100,0,0,0,0,0,0,0,0,0,0,0,0,0,3,3,3,4.5,134,89,3.9,206,77,3.6,281,104,0,0,0,0,0,0,0,0,0,0,0,0,0,4,2,2,4,126,37,4.1,197,14,0,0,0,0,0,0,0,0,0,0,0,0,0,0,0
20251209090200_B_1003512802_TR.jpg,TRUE,0,3,1,3,5.5,354,72,0,279,120,0,153,127,4.5,0,0,6.2,0,0,0,0,0,0,0,0,0,2,1,5,0,336,76,5.7,249,88,1.8,181,45,6.1,117,33,5.9,94,127,5.6,0,0,0,0,0,0,3,2,4,5.3,112,102,7.1,166,4,0,238,116,6.9,317,52,6.5,0,0,0,0,0,0,0,0,0,4,1,4,0,99,108,6.2,164,128,0,230,120,0,282,49,6,0,0,7,0,0,6.2,0,0
20251209090234_A_1003601825_TR.jpg,TRUE,0,1,1,5,5.6,316,79,5.8,258,4,5.9,222,121,5.5,171,72,2.7,90,106,0,0,0,0,0,0,0,1,1,4,5.9,356,72,2.4,335,76,0,219,124,3.7,119,100,6.2,0,0,0,0,0,0,0,0,0,1,0,4,0,192,124,2.3,268,21,5.5,303,7,5,366,81,2.4,0,0,0,0,0,0,0,0,0,1,1,1,5.7,202,70,0,0,0,0,0,0,0,0,0,0,0,0,0,0,0,0,0,0
20251209090310_B_1003601242_TR.jpg,FALSE,0,3,0,2,0,151,44,0,99,63,0,0,0,4.3,0,0,2.7,0,0,0,0,0,0,0,0,0,2,1,2,3.7,235,63,0,158,69,3.5,0,0,0,0,0,0,0,0,0,0,0,0,0,0,0,3,0,3,0,145,78,0,290,5,0,343,78,3.9,0,0,4.5,0,0,3.2,0,0,0,0,0,0,0,0,1,3.8,288,74,0,0,0,0,0,0,0,0,0,0,0,0,0,0,0,0,0,0
20251209090452_A_1003137395_TR.jpg,FALSE,0,3,3,3,4,329,98,5.9,243,65,4.6,164,61,0,0,0,0,0,0,0,0,0,0,0,0,0,3,3,4,5.6,325,105,6.4,228,97,6.1,136,78,2.8,66,118,0,0,0,0,0,0,0,0,0,0,3,3,3,6.1,142,52,6.6,220,74,6,292,23,0,0,0,0,0,0,0,0,0,0,0,0,0,3,2,2,5.8,123,99,6.1,212,105,0,0,0,0,0,0,0,0,0,0,0,0,0,0,0
20251209090512_B_1003478877_TR.jpg,FALSE,0,3,3,3,4.1,296,115,5.2,228,114,3.7,153,33,0,0,0,0,0,0,0,0,0,0,0,0,0,2,2,3,4.1,304,109,3.2,230,45,2.8,149,107,0,0,0,0,0,0,0,0,0,0,0,0,0,4,3,3,0,133,48,4.5,200,55,4,270,97,4.2,0,0,0,0,0,0,0,0,0,0,0,0,3,3,3,4.8,131,25,4.6,201,82,3.9,272,90,0,0,0,0,0,0,0,0,0,0,0,0
20251209090609_A_1003133102_TR.jpg,FALSE,0,5,4,4,3,314,92,4.3,242,117,4.4,192,96,3.2,115,100,0,0,0,0,0,0,0,0,0,0,4,3,3,4.9,297,105,0,209,75,2.4,129,88,4.7,0,0,0,0,0,0,0,0,0,0,0,0,2,1,2,4.3,134,110,0,295,102,3.5,0,0,0,0,0,0,0,0,0,0,0,0,0,0,0,4,3,3,0,184,11,4.1,229,116,4.2,301,116,3.9,0,0,0,0,0,0,0,0,0,0,0
20251209090618_B_1003578407_TR.jpg,FALSE,0,3,3,3,7.1,298,76,6.7,209,23,7.1,112,80,0,0,0,0,0,0,0,0,0,0,0,0,0,3,3,3,7.4,306,37,7,211,66,6.9,115,59,0,0,0,0,0,0,0,0,0,0,0,0,0,3,2,2,6.8,155,29,7,254,5,0,0,0,0,0,0,0,0,0,0,0,0,0,0,0,0,3,3,3,7,113,86,6.6,216,78,6.6,315,76,0,0,0,0,0,0,0,0,0,0,0,0
20251209090645_A_1003601245_TR.jpg,FALSE,0,3,3,3,3.4,304,110,4.2,214,112,3.7,133,73,0,0,0,0,0,0,0,0,0,0,0,0,0,3,2,2,4.2,302,108,4.4,213,18,0,0,0,0,0,0,0,0,0,0,0,0,0,0,0,0,4,3,3,3.4,134,66,0,220,44,4.4,303,48,4.3,0,0,0,0,0,0,0,0,0,0,0,0,3,2,2,3.6,123,47,4.5,214,80,0,0,0,0,0,0,0,0,0,0,0,0,0,0,0
20251209090738_B_1003578406_TR.jpg,FALSE,0,4,4,4,5.1,326,77,4.1,261,79,4.2,163,73,4.3,97,77,0,0,0,0,0,0,0,0,0,0,5,4,4,5.1,319,24,4,250,8,0,153,36,4.2,93,71,5,0,0,0,0,0,0,0,0,0,4,4,4,6.9,97,76,4.7,160,62,4.3,262,22,4.9,328,14,0,0,0,0,0,0,0,0,0,0,4,4,4,5.7,92,20,4.1,157,33,4,255,36,4.5,320,76,0,0,0,0,0,0,0,0,0
20251209090750_A_1003137389_TR.jpg,TRUE,0,5,3,3,0,309,101,3.9,217,99,4,127,112,0,0,0,3.6,0,0,0,0,0,0,0,0,0,2,1,2,5.5,308,6,0,216,115,5,0,0,0,0,0,0,0,0,0,0,0,0,0,0,0,3,3,3,4.3,128,100,5.1,220,81,4.1,309,63,0,0,0,0,0,0,0,0,0,0,0,0,0,5,3,4,0,129,7,5.6,220,115,6.6,288,124,0,312,29,7.9,0,0,2.5,0,0,0,0,0
20251209090852_B_1003578410_TR.jpg,TRUE,0,4,2,4,3,337,17,0,255,48,5.8,192,128,0,84,125,5.1,0,0,2.7,0,0,0,0,0,0,3,3,3,4.8,310,98,6.3,229,19,4,142,53,0,0,0,0,0,0,0,0,0,0,0,0,0,3,2,4,0,118,35,6.7,143,95,5.7,215,51,2,294,55,4.9,0,0,0,0,0,0,0,0,0,4,3,3,5.3,123,126,6,215,112,5.4,296,118,0,0,0,0,0,0,0,0,0,0,0,0
20251209090950_A_1003578404_TR.jpg,FALSE,0,2,2,4,3.1,295,91,5.1,215,98,4.8,132,82,3.6,79,73,0,0,0,0,0,0,0,0,0,0,5,2,4,4,323,133,0,240,134,0,152,130,3.9,100,90,0,0,0,4.2,0,0,3.8,0,0,0,3,3,3,6.2,136,76,6.2,216,126,5.8,294,57,0,0,0,0,0,0,0,0,0,0,0,0,0,3,3,4,6.1,59,20,6,132,117,5.7,212,82,6.1,294,92,0,0,0,0,0,0,0,0,0
20251209091020_B_1003601246_TR.jpg,TRUE,0,2,1,6,0,374,9,5.6,358,114,4.1,303,96,4.6,216,65,3.8,124,75,5.5,69,42,4.2,0,0,0,3,3,4,6.2,310,93,3.2,255,94,5,215,39,2.5,111,43,0,0,0,0,0,0,0,0,0,0,1,1,3,5.5,138,20,5.5,172,94,4.5,335,19,0,0,0,0,0,0,0,0,0,0,0,0,0,2,2,3,5.2,111,40,5.1,208,59,4.3,298,119,0,0,0,0,0,0,0,0,0,0,0,0
20251209091051_A_1003578401_TR.jpg,FALSE,0,3,2,2,6.3,317,18,7,219,52,0,0,0,0,0,0,0,0,0,0,0,0,0,0,0,0,3,3,0,0,295,85,0,199,105,0,103,69,0,0,0,0,0,0,0,0,0,0,0,0,0,4,3,3,6.9,114,30,7,205,75,0,286,29,2.4,0,0,0,0,0,0,0,0,0,0,0,0,3,3,3,7.3,120,91,7.3,211,77,2.6,298,102,0,0,0,0,0,0,0,0,0,0,0,0
20251209091247_A_XXXXXXXXXX_TR.jpg,FALSE,0,3,2,2,2.8,304,114,3.8,215,82,0,0,0,0,0,0,0,0,0,0,0,0,0,0,0,0,3,2,2,3.7,311,69,4.2,219,115,0,0,0,0,0,0,0,0,0,0,0,0,0,0,0,0,3,2,2,3,123,49,3.6,213,93,0,0,0,0,0,0,0,0,0,0,0,0,0,0,0,0,3,2,2,3.8,133,39,4.9,222,44,0,0,0,0,0,0,0,0,0,0,0,0,0,0,0
20251209091415_B_1003578409_TR.jpg,FALSE,0,4,1,3,0,309,109,6,237,45,0,153,108,0,0,0,4.9,0,0,5.2,0,0,0,0,0,0,3,3,5,5.3,389,82,6.1,306,27,5.2,224,102,2.8,149,101,2.2,70,85,0,0,0,0,0,0,0,3,3,3,5.7,149,48,5.5,226,15,5.8,296,104,0,0,0,0,0,0,0,0,0,0,0,0,0,4,3,3,5.6,131,99,5.4,204,85,5.1,283,81,0,0,0,0,0,0,0,0,0,0,0,0
20251209091447_A_1003578403_TR.jpg,TRUE,0,3,3,4,6.1,391,53,6,301,80,6.1,221,29,2.8,137,36,0,0,0,0,0,0,0,0,0,0,4,3,4,6.2,388,42,6.1,309,95,0,220,8,5.8,124,37,3.4,0,0,0,0,0,0,0,0,0,3,3,6,4.4,59,10,5.7,128,95,6.1,214,69,3.6,311,40,4.9,364,16,3.4,389,82,0,0,0,0,3,3,4,6.4,67,27,6.6,134,110,6.2,227,116,3.3,328,28,0,0,0,0,0,0,0,0,0
20251209091525_B_1003578405_TR.jpg,FALSE,0,3,3,0,0,317,110,0,223,111,0,120,69,0,44,38,0,0,0,0,0,0,0,0,0,0,5,3,3,5.7,297,59,0,214,116,6.4,133,111,5.8,0,0,0,0,0,0,0,0,0,0,0,0,3,1,1,0,227,89,7.8,0,0,0,0,0,0,0,0,0,0,0,0,0,0,0,0,0,0,4,3,3,6.4,137,86,6.2,218,68,0,296,111,6.6,0,0,0,0,0,0,0,0,0,0,0
20251209091550_A_1003578402_TR.jpg,FALSE,0,4,3,4,6.9,403,68,6,299,3,0,213,80,6.4,129,44,2.2,0,0,0,0,0,0,0,0,0,3,3,3,6.4,301,91,6.1,209,54,6.3,119,83,0,0,0,0,0,0,0,0,0,0,0,0,0,3,3,3,7.1,102,62,6.1,192,69,6.1,275,95,0,0,0,0,0,0,0,0,0,0,0,0,0,3,3,0,0,113,25,0,204,76,0,303,74,0,0,0,0,0,0,0,0,0,0,0,0
20251209091721_B_1003578408_TR.jpg,FALSE,0,4,2,2,4.8,272,21,0,179,52,4.7,0,0,0,0,0,0,0,0,0,0,0,0,0,0,0,2,2,3,5.3,279,54,5.2,172,109,2.3,92,28,0,0,0,0,0,0,0,0,0,0,0,0,0,3,1,4,5.1,49,39,0,165,58,0,246,110,2.4,334,57,5,0,0,2.6,0,0,0,0,0,0,4,2,5,5.6,53,32,5.2,137,36,0,241,41,0,341,66,3.4,374,61,1.6,0,0,2,0,0
20251209091838_B_1003601244_TR.jpg,TRUE,0,3,1,3,0,317,97,6.9,197,6,0,118,73,5.5,0,0,4.8,0,0,0,0,0,0,0,0,0,3,1,5,5.1,341,123,0,322,37,0,201,26,9.6,118,88,4.5,69,75,4.7,0,0,3.2,0,0,0,3,2,4,5.1,96,77,0,149,17,5.8,267,115,7.5,312,114,2.8,0,0,0,0,0,0,0,0,0,3,1,3,5.6,111,85,0,136,7,0,319,109,6,0,0,5.7,0,0,0,0,0,0,0,0
20251209091850_A_1003590295_TR.jpg,TRUE,0,2,2,3,4.8,304,95,4.7,212,108,3.6,129,103,0,0,0,0,0,0,0,0,0,0,0,0,0,2,1,3,4.8,323,62,0,253,21,4.2,93,55,2.8,0,0,0,0,0,0,0,0,0,0,0,0,3,2,4,5.1,122,109,0,208,103,4.8,265,101,3.7,300,52,3.4,0,0,0,0,0,0,0,0,0,2,2,4,4.9,123,45,3.7,207,58,3.9,274,13,3.4,298,83,0,0,0,0,0,0,0,0,0
20251209091934_A_1003474163_TR.jpg,TRUE,0,4,3,3,5.9,318,85,7,248,27,0,128,95,4.8,0,0,0,0,0,0,0,0,0,0,0,0,4,4,5,5.2,376,102,4.4,326,49,4,255,70,4.4,191,81,2.9,120,113,0,0,0,0,0,0,0,5,2,7,5.2,51,32,0,81,111,0,119,71,0,176,16,4.8,258,14,2.6,317,12,3.9,362,83,0,3,3,6,4.9,54,93,2.3,107,107,4.8,149,84,3,182,43,2.6,310,51,2,346,65,0,0,0
20251209091941_B_1003183474_TR.jpg,TRUE,0,5,2,4,0,333,7,0,302,54,3.7,228,15,5.5,137,108,0,0,0,4.8,0,0,2.4,0,0,0,3,3,4,5.4,379,124,4.1,347,12,5.7,267,118,3,156,8,0,0,0,0,0,0,0,0,0,0,3,1,3,0,120,113,0,214,19,5.4,310,23,5.5,0,0,3,0,0,0,0,0,0,0,0,0,5,3,3,5.9,107,103,0,204,75,4,297,12,0,0,0,5.6,0,0,0,0,0,0,0,0
20251209092048_B_1003440906_TR.jpg,FALSE,0,3,3,4,4.7,393,62,5.9,302,89,3.9,218,86,5.7,134,101,0,0,0,0,0,0,0,0,0,0,3,3,3,4.4,339,96,5.3,241,19,3.3,144,119,0,0,0,0,0,0,0,0,0,0,0,0,0,4,2,2,0,148,55,5.3,229,40,6.2,0,0,0,0,0,0,0,0,0,0,0,0,0,0,0,3,3,3,5.2,124,79,5.9,212,97,3.6,295,32,0,0,0,0,0,0,0,0,0,0,0,0
20251209092159_A_1003608798_TR.jpg,FALSE,0,3,2,3,6.3,299,22,0,212,112,5.9,147,76,2.6,0,0,0,0,0,0,0,0,0,0,0,0,3,3,4,4.9,382,92,6,304,117,4.8,222,18,4.5,136,54,0,0,0,0,0,0,0,0,0,0,4,2,3,0,93,14,6.3,150,108,6.1,227,108,0,0,0,4.9,0,0,0,0,0,0,0,0,0,4,3,3,0,145,56,6.3,224,7,6.8,290,90,2.2,0,0,0,0,0,0,0,0,0,0,0
20251209092225_B_1003474151_TR.jpg,FALSE,0,3,2,3,4.5,310,6,4.2,231,59,0,147,9,4.7,0,0,0,0,0,0,0,0,0,0,0,0,3,3,3,5.5,300,69,5.1,212,78,4.8,122,36,0,0,0,0,0,0,0,0,0,0,0,0,0,4,3,3,5.5,137,49,4.8,213,42,4.5,289,47,0,0,0,0,0,0,0,0,0,0,0,0,0,4,3,3,6,124,12,5.7,205,80,5.2,287,43,0,0,0,0,0,0,0,0,0,0,0,0
20251209092328_B_1003563629_TR.jpg,FALSE,0,3,3,5,3.5,328,10,3.6,254,75,3.3,179,65,3.2,107,28,2.4,39,29,0,0,0,0,0,0,0,3,2,4,3.1,343,64,3.3,265,54,0,175,19,3.3,99,12,3.2,0,0,0,0,0,0,0,0,0,4,3,3,4.3,101,60,3.4,170,53,3.6,250,67,0,0,0,0,0,0,0,0,0,0,0,0,0,4,3,4,4.6,54,59,3.4,100,22,3.6,170,73,0,261,46,2.2,0,0,0,0,0,0,0,0
20251209092455_A_1003201392_TR.jpg,FALSE,0,4,4,4,5.8,344,61,7,263,12,6,175,65,5.7,94,8,0,0,0,0,0,0,0,0,0,0,5,4,4,6.2,359,91,0,267,79,7.1,170,78,6.3,85,28,5.9,0,0,0,0,0,0,0,0,0,4,3,3,5.2,98,33,6.1,181,25,5.8,258,56,0,0,0,0,0,0,0,0,0,0,0,0,0,4,3,3,6.3,90,64,6.3,177,72,5.8,257,46,0,0,0,0,0,0,0,0,0,0,0,0
20251209092515_B_1003493969_TR.jpg,FALSE,0,5,4,4,6.6,350,11,6.7,271,14,6.7,188,26,0,114,79,6.3,0,0,0,0,0,0,0,0,0,4,4,4,7.3,347,32,8.1,266,30,7.7,187,50,7.4,103,69,0,0,0,0,0,0,0,0,0,0,4,4,4,6.6,99,25,5.9,167,28,5.9,237,57,6.6,309,65,0,0,0,0,0,0,0,0,0,0,4,4,4,6.9,81,43,6.8,156,9,6.5,229,41,6.7,305,22,0,0,0,0,0,0,0,0,0
20251209092702_A_1003601243_TR.jpg,TRUE,0,3,3,3,2.7,293,78,7.2,221,57,6.7,145,51,0,0,0,0,0,0,0,0,0,0,0,0,0,3,3,4,5.8,399,64,6.5,290,62,5.4,214,113,4.9,141,60,0,0,0,0,0,0,0,0,0,0,3,1,4,0,159,69,8.3,202,70,0,221,90,2.5,302,117,2.5,0,0,2.1,0,0,0,0,0,0,3,2,3,0,60,10,8,215,101,7.1,285,43,8.6,0,0,0,0,0,0,0,0,0,0,0
20251209092726_B_1003512012_TR.jpg,TRUE,0,2,2,3,4.5,311,13,4.8,218,128,5.3,128,127,0,0,0,0,0,0,0,0,0,0,0,0,0,4,2,3,5.3,311,110,0,232,89,0,137,109,4.4,0,0,4.8,0,0,0,0,0,0,0,0,0,3,1,1,5.4,129,52,0,0,0,0,0,0,0,0,0,0,0,0,0,0,0,0,0,0,0,4,3,4,3.8,92,105,0,189,111,4.5,267,91,4.5,292,47,4.4,0,0,0,0,0,0,0,0
20251209092806_A_1003183470_TR.jpg,TRUE,0,5,2,4,9.2,305,124,0,240,83,0,133,112,3.9,100,53,0,0,0,6.9,0,0,9.7,0,0,0,5,2,5,5.1,326,82,6.4,213,99,0,140,128,0,111,23,0,76,98,9,0,0,7.2,0,0,0,3,0,4,0,88,66,0,175,124,0,239,61,5.5,276,100,3.8,0,0,6.4,0,0,6.7,0,0,0,4,1,5,0,63,125,0,93,70,0,178,100,9.4,199,45,6.5,298,70,9.5,0,0,6.9,0,0
20251209092837_B_1003608797_TR.jpg,TRUE,0,3,3,3,6.8,320,115,6.9,234,98,6.1,152,82,0,0,0,0,0,0,0,0,0,0,0,0,0,3,3,4,6,333,39,7.1,244,100,6.8,155,49,5.8,87,65,0,0,0,0,0,0,0,0,0,0,3,3,4,7.5,103,68,7.5,133,38,2.6,210,34,2,286,34,0,0,0,0,0,0,0,0,0,0,3,3,4,7.3,46,99,7.4,121,78,3.4,201,98,5,277,120,0,0,0,0,0,0,0,0,0
20251209092916_A_1003561147_TR.jpg,FALSE,0,3,3,4,5.8,359,13,6,288,56,5.4,213,49,2.7,135,57,0,0,0,0,0,0,0,0,0,0,3,3,3,6.5,308,70,6.6,219,36,6.3,134,89,0,0,0,0,0,0,0,0,0,0,0,0,0,4,3,3,0,165,81,5.8,252,37,6.5,338,34,5.7,0,0,0,0,0,0,0,0,0,0,0,0,3,2,3,5.6,155,68,0,249,108,6,342,58,7.1,0,0,0,0,0,0,0,0,0,0,0
20251209093147_A_1003183476_TR.jpg,FALSE,0,3,3,4,9.3,401,77,5,289,116,6.4,218,70,3.6,139,79,0,0,0,0,0,0,0,0,0,0,3,3,3,5.3,305,77,5.2,220,71,4.7,126,104,0,0,0,0,0,0,0,0,0,0,0,0,0,4,2,2,0,137,95,6.8,299,98,0,0,0,6.9,0,0,0,0,0,0,0,0,0,0,0,0,4,3,3,4.9,116,69,4.9,198,47,4.2,282,73,0,0,0,0,0,0,0,0,0,0,0,0
20251209093300_B_1003569552_TR.jpg,TRUE,0,3,2,2,0,227,23,5,148,114,4.6,0,0,0,0,0,0,0,0,0,0,0,0,0,0,0,3,3,3,2.7,302,79,3.1,214,91,4.1,133,61,0,0,0,0,0,0,0,0,0,0,0,0,0,3,2,3,0,114,29,5.4,203,88,4.3,276,70,2.4,0,0,0,0,0,0,0,0,0,0,0,0,3,1,3,0,195,79,0,228,83,2.4,288,104,2,0,0,2.1,0,0,0,0,0,0,0,0
20251209093404_B_1003599358_TR.jpg,TRUE,0,4,4,5,7,357,37,7.1,336,5,6.9,280,98,6.6,198,84,3.7,125,26,0,0,0,0,0,0,0,4,4,4,6.3,362,102,6,280,86,6.2,201,9,5.7,123,48,0,0,0,0,0,0,0,0,0,0,4,4,5,7.2,55,44,7.4,125,69,7.8,205,84,7.7,289,72,4.3,363,37,0,0,0,0,0,0,0,4,4,4,6.2,101,74,6,169,5,6.2,240,13,8,311,23,0,0,0,0,0,0,0,0,0
20251209093408_A_1003436376_TR.jpg,FALSE,0,4,3,4,5.5,312,73,6.6,228,51,6,146,66,0,75,112,2.1,0,0,0,0,0,0,0,0,0,3,2,2,3.5,297,60,4.9,214,95,0,0,0,0,0,0,0,0,0,0,0,0,0,0,0,0,3,3,3,6.1,121,68,6.7,206,58,5.5,291,80,0,0,0,0,0,0,0,0,0,0,0,0,0,3,1,1,0,196,67,5.4,0,0,0,0,0,0,0,0,0,0,0,0,0,0,0,0,0
20251209093458_A_1003439064_TR.jpg,FALSE,0,3,2,2,3.7,330,9,2.3,251,37,0,0,0,0,0,0,0,0,0,0,0,0,0,0,0,0,4,3,4,2.9,296,59,2.8,220,9,2.7,135,77,0,57,90,7,0,0,0,0,0,0,0,0,0,4,3,3,2.9,117,19,1.8,183,73,1.9,263,47,0,0,0,0,0,0,0,0,0,0,0,0,0,4,3,4,3.4,99,82,3.2,170,80,0,256,85,3,337,67,2.3,0,0,0,0,0,0,0,0
20251209093525_B_1003601287_TR.jpg,TRUE,0,2,1,2,0,310,88,4.2,143,96,3.1,0,0,0,0,0,0,0,0,0,0,0,0,0,0,0,3,1,1,3.3,308,117,0,0,0,0,0,0,0,0,0,0,0,0,0,0,0,0,0,0,0,0,0,2,2.4,102,64,4.4,283,93,0,0,0,0,0,0,0,0,0,0,0,0,0,0,0,0,2,0,6,0,98,45,0,156,86,2.6,184,84,2,213,47,2.4,280,96,2.1,376,87,4.5,0,0
20251209093635_A_1002625896_TR.jpg,FALSE,0,4,4,5,5.6,401,70,5.5,319,68,5.1,251,74,5.8,180,85,3.7,113,85,0,0,0,0,0,0,0,4,4,4,5.5,320,90,5.1,251,34,4.9,178,54,5.1,109,33,0,0,0,0,0,0,0,0,0,0,4,4,5,6,39,41,5.5,118,21,5.4,188,22,5.6,252,48,3.4,323,23,0,0,0,0,0,0,0,4,4,4,5.8,106,86,5.3,174,85,5,247,83,5.2,316,93,0,0,0,0,0,0,0,0,0
20251209093635_B_1003379560_TR.jpg,FALSE,0,4,2,2,0,279,106,4.1,184,105,3.3,0,0,0,0,0,0,0,0,0,0,0,0,0,0,0,3,1,1,0,182,18,0,0,0,3.1,0,0,0,0,0,0,0,0,0,0,0,0,0,0,0,3,2,2,0,173,71,4.3,259,93,3.8,0,0,0,0,0,0,0,0,0,0,0,0,0,0,0,3,2,2,0,165,52,4.5,253,8,4.1,0,0,0,0,0,0,0,0,0,0,0,0,0,0
20251209093738_B_1003519027_TR.jpg,FALSE,0,4,2,3,0,309,101,5.1,254,12,4.1,193,46,0,0,0,3.7,0,0,0,0,0,0,0,0,0,4,1,2,0,195,74,0,156,27,2.3,0,0,0,0,0,1.7,0,0,0,0,0,0,0,0,0,3,2,3,0,183,78,5.5,238,33,2.5,307,80,2.6,0,0,0,0,0,0,0,0,0,0,0,0,4,1,1,0,177,47,4.8,0,0,0,0,0,0,0,0,0,0,0,0,0,0,0,0,0
20251209093838_A_1003445564_TR.jpg,FALSE,0,1,1,3,7,314,37,7.2,215,84,5.9,114,32,0,0,0,0,0,0,0,0,0,0,0,0,0,0,0,3,6.8,317,49,1.8,202,32,6.6,114,106,0,0,0,0,0,0,0,0,0,0,0,0,0,3,2,3,7,122,80,7.7,224,89,0,328,28,9.1,0,0,0,0,0,0,0,0,0,0,0,0,3,1,2,0,221,82,9.9,357,64,0,0,0,1.9,0,0,0,0,0,0,0,0,0,0,0
20251209093900_B_1003445562_TR.jpg,TRUE,0,0,0,6,4.4,345,62,3.3,309,7,3.2,240,66,3.4,128,95,5,97,97,4.4,56,7,0,0,0,0,3,2,3,2.5,300,118,7.7,199,96,0,86,117,3,0,0,0,0,0,0,0,0,0,0,0,0,3,2,4,4.8,108,52,0,223,95,3.5,346,5,4.3,397,103,3.6,0,0,0,0,0,0,0,0,0,4,3,4,2.9,125,88,0,222,65,m,246,112,0,372,100,5,0,0,0,0,0,0,0,0
20251209094001_A_1003491123_TR.jpg,FALSE,0,4,3,3,4.3,289,39,4,222,91,4.6,153,105,0,0,0,0,0,0,0,0,0,0,0,0,0,3,3,3,5.2,282,99,4.7,207,97,4.1,132,112,0,0,0,0,0,0,0,0,0,0,0,0,0,4,2,3,0,154,84,4.4,222,116,0,291,93,4.1,0,0,4.6,0,0,0,0,0,0,0,0,0,3,2,2,4.7,144,94,0,287,103,4,0,0,0,0,0,0,0,0,0,0,0,0,0,0
20251209094011_B_1003585824_TR.jpg,FALSE,0,4,4,4,5.4,307,12,5.3,244,86,5.2,187,70,5.4,125,84,0,0,0,0,0,0,0,0,0,0,4,4,4,5,304,9,5,241,17,4.9,178,87,5.2,108,66,0,0,0,0,0,0,0,0,0,0,4,4,4,5.1,124,16,4.8,186,14,4.7,244,47,4.9,312,16,0,0,0,0,0,0,0,0,0,0,4,4,4,4.8,131,8,4.7,200,62,5.1,266,29,5.7,336,22,0,0,0,0,0,0,0,0,0
20251209094116_A_XXXXXXXXXX_TR.jpg,TRUE,0,3,3,3,3.7,341,84,4.9,249,81,5.2,87,51,0,0,0,0,0,0,0,0,0,0,0,0,0,3,3,5,4.2,389,107,4.6,325,73,4.7,246,74,3.9,137,107,1.7,83,39,0,0,0,0,0,0,0,3,3,3,5.3,96,84,5.2,174,69,5.1,343,91,0,0,0,0,0,0,0,0,0,0,0,0,0,4,3,3,4.4,72,84,5.6,158,34,4.4,315,91,0,0,0,0,0,0,0,0,0,0,0,0
20251209094139_B_1003501192_TR.jpg,TRUE,0,3,3,8,4.1,337,72,5.5,314,32,4.2,245,8,3.7,191,32,4.2,147,61,3.4,129,8,3.3,104,16,0,3,3,4,3.7,343,86,4.7,303,2,3.9,241,43,4,99,39,0,0,0,0,0,0,0,0,0,0,3,2,4,0,176,55,5.5,269,29,4.9,322,5,3.8,343,51,3.6,0,0,0,0,0,0,0,0,0,3,3,4,4.6,64,59,4.8,106,97,5.3,210,70,2.1,372,89,0,0,0,0,0,0,0,0,0
20251209094148_A_1003519040_TR.jpg,FALSE,0,1,0,0,0,0,0,0,0,0,0,0,0,0,0,0,0,0,0,0,0,0,0,0,0,0,2,0,0,0,0,0,0,0,0,0,0,0,0,0,0,0,0,0,0,0,0,0,0,0,0,4,0,2,0,267,60,0,324,63,0,0,0,0,0,0,2.2,0,0,1.6,0,0,0,0,0,0,2,0,1,0,228,7,0,0,0,3.2,0,0,0,0,0,0,0,0,0,0,0,0,0,0
20251209094458_A_1003491125_TR.jpg,TRUE,0,1,0,5,0,366,77,5.2,350,3,4.5,259,81,4.1,193,46,3.8,87,35,4.5,0,0,0,0,0,0,4,4,4,4.2,353,77,3.8,256,64,3.4,183,78,4.2,84,77,0,0,0,0,0,0,0,0,0,0,4,3,4,0,106,29,3.9,183,7,3.9,257,78,4.4,353,60,4,0,0,0,0,0,0,0,0,0,2,2,4,4.1,122,93,3.7,140,26,3.4,240,102,3.6,340,39,0,0,0,0,0,0,0,0,0
20251209094529_B_XXXXXXXXXX_TR.jpg,FALSE,0,3,0,0,0,0,0,0,0,0,0,0,0,0,0,0,0,0,0,0,0,0,0,0,0,0,2,0,0,0,0,0,0,0,0,0,0,0,0,0,0,0,0,0,0,0,0,0,0,0,0,3,1,4,0,125,24,4.9,211,92,0,291,11,4.2,377,66,4.5,0,0,3.2,0,0,0,0,0,0,2,1,3,4,130,95,0,211,91,5.5,307,83,4.1,0,0,0,0,0,0,0,0,0,0,0
20251209094556_B_1003519041_TR.jpg,FALSE,0,3,1,1,0,140,22,0,0,0,4.5,0,0,0,0,0,0,0,0,0,0,0,0,0,0,0,3,2,2,0,214,26,5.6,132,74,5.3,0,0,0,0,0,0,0,0,0,0,0,0,0,0,0,3,3,3,2.5,129,98,5.4,213,53,2.8,288,119,0,0,0,0,0,0,0,0,0,0,0,0,0,3,1,1,0,216,49,5.8,0,0,0,0,0,0,0,0,0,0,0,0,0,0,0,0,0
20251209094629_A_1003569069_TR.jpg,FALSE,0,4,3,3,6.6,339,68,6.9,262,79,6.6,176,6,0,0,0,0,0,0,0,0,0,0,0,0,0,5,4,4,0,331,54,6.7,250,31,6.6,163,82,6.5,100,71,6.7,0,0,0,0,0,0,0,0,0,4,3,4,6.7,96,74,7.2,177,77,6.7,268,55,0,325,88,2.6,0,0,0,0,0,0,0,0,0,4,4,4,6.3,75,79,6.6,156,57,6.5,246,51,6.1,311,38,0,0,0,0,0,0,0,0,0
20251209094706_B_1003257133_TR.jpg,TRUE,0,0,0,0,0,0,0,0,0,0,0,0,0,0,0,0,0,0,0,0,0,0,0,0,0,0,2,1,3,0,241,81,3.7,192,68,3.7,142,74,3.3,0,0,0,0,0,0,0,0,0,0,0,0,1,0,6,0,77,93,2.5,144,39,3,162,11,3.2,179,112,2.9,206,24,3.1,394,47,1.7,0,0,0,1,0,3,0,150,53,4.4,173,23,4,229,124,5.2,0,0,0,0,0,0,0,0,0,0,0
20251209094803_B_1003519031_TR.jpg,FALSE,0,4,2,2,4.3,333,93,0,163,16,3.3,0,0,0,0,0,0,0,0,0,0,0,0,0,0,0,2,2,2,4.3,319,6,3.2,139,56,0,0,0,0,0,0,0,0,0,0,0,0,0,0,0,0,2,2,2,4,126,63,3.2,289,96,0,0,0,0,0,0,0,0,0,0,0,0,0,0,0,0,2,2,2,4.1,105,61,3.1,276,100,0,0,0,0,0,0,0,0,0,0,0,0,0,0,0
20251209094829_A_1003481890_TR.jpg,TRUE,0,4,3,6,5.5,324,66,5.9,248,83,5.8,172,66,0,126,12,4.9,110,2,3.7,94,85,2.8,0,0,0,4,4,5,4.6,357,36,4.8,326,13,4.6,249,11,5.3,169,67,4,94,55,0,0,0,0,0,0,0,4,4,6,4.9,42,67,4.4,99,48,4.2,181,20,5,253,67,4.8,326,70,2.8,395,16,0,0,0,0,4,4,4,5.2,89,89,5.6,175,61,6,259,93,6.5,334,70,0,0,0,0,0,0,0,0,0
20251209095010_A_1002994864_TR.jpg,TRUE,0,1,0,7,0,273,98,4.8,232,97,7.6,173,67,4.1,144,36,5.3,82,48,2.4,56,100,4.9,32,6,0,3,0,7,0,391,26,0,346,7,0,290,101,3.6,247,97,4.1,228,52,4.7,177,88,3.9,122,115,0,1,1,6,5.8,99,77,4.4,152,44,2.3,200,93,1.8,230,11,7.1,262,66,4,307,71,0,0,0,0,4,0,3,0,90,57,0,234,18,0,290,58,0,0,0,5.1,0,0,5.5,0,0,5.6,0,0
20251209095029_B_1003602086_TR.jpg,FALSE,0,3,1,2,0,369,12,5.1,234,75,0,0,0,4.6,0,0,0,0,0,0,0,0,0,0,0,0,3,1,1,4.5,330,104,0,0,0,0,0,0,0,0,0,0,0,0,0,0,0,0,0,0,0,5,1,2,0,204,115,0,363,24,0,0,0,5.8,0,0,0,0,0,2.6,0,0,0,0,0,0,4,2,2,0,126,61,4.7,202,92,5.3,0,0,0,0,0,0,0,0,0,0,0,0,0,0
20251209095114_A_1003535032_TR.jpg,FALSE,0,3,3,3,5,306,43,5,240,69,5,139,53,0,0,0,0,0,0,0,0,0,0,0,0,0,4,3,4,5.2,397,72,5.3,309,93,4.1,241,50,0,139,118,8,0,0,0,0,0,0,0,0,0,3,3,3,5.6,127,41,5.4,193,116,4.2,296,103,0,0,0,0,0,0,0,0,0,0,0,0,0,3,3,3,3.8,119,33,4.4,186,37,3.5,286,112,0,0,0,0,0,0,0,0,0,0,0,0
20251209095131_B_1003535033_TR.jpg,TRUE,0,4,3,3,4.4,317,51,4.5,249,12,4.3,172,31,0,0,0,0,0,0,0,0,0,0,0,0,0,4,3,3,4.3,327,30,4.2,253,18,4.1,171,89,0,0,0,0,0,0,0,0,0,0,0,0,0,4,4,5,2.5,74,81,4.5,93,65,4,165,35,4.3,241,73,1.9,298,83,0,0,0,0,0,0,0,4,3,3,0,144,78,5,222,68,4.4,279,58,4.3,0,0,0,0,0,0,0,0,0,0,0
20251209095213_A_1003136142_TR.jpg,FALSE,0,3,3,3,5.3,305,46,5.2,214,110,5.3,120,46,0,0,0,0,0,0,0,0,0,0,0,0,0,2,2,3,5.6,307,111,5.1,213,108,5.8,122,96,0,0,0,0,0,0,0,0,0,0,0,0,0,3,3,4,5.4,124,19,5.4,212,80,5.6,313,15,3.5,361,54,0,0,0,0,0,0,0,0,0,0,3,3,3,5,124,110,5.2,220,67,4.7,311,103,0,0,0,0,0,0,0,0,0,0,0,0
20251209095241_B_1003569075_TR.jpg,FALSE,0,4,2,3,3.8,355,76,0,275,84,2.9,193,19,0,0,0,3.8,0,0,0,0,0,0,0,0,0,4,4,4,4.5,340,86,4.1,253,79,3.4,175,22,3,90,85,0,0,0,0,0,0,0,0,0,0,4,4,4,4.1,107,78,3,183,72,3.1,257,57,3.6,333,76,0,0,0,0,0,0,0,0,0,0,4,3,4,4.2,89,55,3.4,167,48,0,243,3,2.9,320,34,3.2,0,0,0,0,0,0,0,0
20251209095307_A_1003569070_TR.jpg,FALSE,0,3,3,3,6.2,314,12,5.4,227,58,5.1,148,95,0,0,0,0,0,0,0,0,0,0,0,0,0,3,3,3,7.1,312,62,5.4,221,35,5.3,128,15,0,0,0,0,0,0,0,0,0,0,0,0,0,3,3,3,5.1,135,49,5,217,33,4.7,300,69,0,0,0,0,0,0,0,0,0,0,0,0,0,3,3,3,4.6,149,49,5.7,238,85,6.4,328,73,0,0,0,0,0,0,0,0,0,0,0,0
20251209095727_A_1003550356_TR.jpg,TRUE,0,3,2,5,0,319,88,6.6,274,80,4.9,210,71,5.6,161,54,2.8,99,81,5.9,0,0,0,0,0,0,3,3,5,7.2,324,74,5.9,254,75,4.8,208,87,5.9,156,36,5.8,91,87,0,0,0,0,0,0,0,3,3,5,5.7,119,82,6.1,193,34,6.4,240,10,5.1,287,68,5.6,352,43,0,0,0,0,0,0,0,3,3,5,6.4,92,94,5.9,160,79,6.9,209,81,5.6,264,86,6,330,65,0,0,0,0,0,0
20251209095745_B_1003550360_TR.jpg,TRUE,0,4,2,5,0,239,61,8.1,193,82,9.2,173,77,0,111,70,3.1,58,28,9.7,0,0,4.6,0,0,0,4,3,4,7.4,325,87,0,233,89,8.2,159,51,7.3,76,87,7.6,0,0,0,0,0,0,0,0,0,3,3,7,8.5,71,65,7.7,115,30,8.5,169,72,4.6,183,35,4.4,243,41,4.1,308,14,5.4,358,47,0,4,3,3,5.6,122,81,6.1,217,89,6.2,314,78,0,0,0,0,0,0,0,0,0,0,0,0
20251209095845_A_1003476201_TR.jpg,TRUE,0,3,0,0,0,0,0,0,0,0,0,0,0,0,0,0,0,0,0,0,0,0,0,0,0,0,3,0,0,0,0,0,0,0,0,0,0,0,0,0,0,0,0,0,0,0,0,0,0,0,0,3,1,1,0,293,122,0,0,0,4.4,0,0,0,0,0,0,0,0,0,0,0,0,0,0,0,3,3,4,5.6,127,45,5.2,172,5,6.8,210,48,2.9,301,101,0,0,0,0,0,0,0,0,0
20251209095901_B_1003569448_TR.jpg,FALSE,0,3,3,5,3.7,404,80,3.3,295,70,3.3,218,77,2.3,142,85,3.2,86,10,0,0,0,0,0,0,0,3,3,4,5.2,348,56,5.4,258,13,5.3,165,92,1.8,59,87,0,0,0,0,0,0,0,0,0,0,4,1,1,0,292,74,0,0,0,0,0,0,4.2,0,0,0,0,0,0,0,0,0,0,0,0,4,1,1,0,197,104,5.2,0,0,0,0,0,0,0,0,0,0,0,0,0,0,0,0,0
20251209095941_A_1003357244_TR.jpg,FALSE,0,4,3,3,0,267,38,7.3,198,87,7.6,109,14,2.4,0,0,0,0,0,0,0,0,0,0,0,0,3,3,3,3.3,293,39,3.8,216,79,5,134,73,0,0,0,0,0,0,0,0,0,0,0,0,0,4,1,1,0,230,90,0,0,0,7.1,0,0,0,0,0,0,0,0,0,0,0,0,0,0,0,3,3,3,5,136,70,3.5,210,66,4.8,294,48,0,0,0,0,0,0,0,0,0,0,0,0
20251209100021_B_XXXXXXXXXX_TR.jpg,FALSE,0,5,3,3,3.5,288,51,3.2,220,94,0,159,18,3.2,0,0,0,0,0,0,0,0,0,0,0,0,2,1,3,4,279,90,0,212,105,3.5,148,78,3.3,0,0,0,0,0,0,0,0,0,0,0,0,4,3,3,0,161,72,3.2,226,44,3.2,290,92,4.4,0,0,0,0,0,0,0,0,0,0,0,0,3,3,3,3.5,151,99,3.6,218,52,3.7,283,83,0,0,0,0,0,0,0,0,0,0,0,0
20251209100052_A_1003601284_TR.jpg,TRUE,0,4,2,5,0,360,63,7.4,249,37,6.3,174,55,0,74,10,4.9,53,102,4.3,0,0,3.9,0,0,0,3,2,3,6.5,338,56,7.5,251,46,0,190,33,6.2,0,0,0,0,0,0,0,0,0,0,0,0,3,2,6,0,62,71,7.5,175,86,7.3,243,88,4.5,285,91,6.4,312,49,4.1,352,31,3.3,0,0,0,3,2,5,6.9,75,41,7.5,104,37,0,186,119,5.6,219,72,5.4,274,59,5.6,0,0,0,0,0
20251209100054_B_1003601282_TR.jpg,TRUE,0,4,3,3,4,306,63,3.8,224,97,0,142,27,3.5,0,0,0,0,0,0,0,0,0,0,0,0,3,3,3,4.2,301,56,3.9,213,74,4,135,52,0,0,0,0,0,0,0,0,0,0,0,0,0,3,2,2,0,204,75,6.8,284,50,6.6,0,0,0,0,0,0,0,0,0,0,0,0,0,0,0,4,3,5,3.8,70,113,0,110,19,5.2,134,113,4.5,197,97,2.2,287,68,3.2,0,0,0,0,0
20251209100155_A_XXXXXXXXXX_TR.jpg,FALSE,0,4,2,2,7,317,25,6.4,251,13,0,0,0,0,0,0,0,0,0,0,0,0,0,0,0,0,4,3,3,7.6,330,9,6.8,260,59,7.1,161,13,0,0,0,0,0,0,0,0,0,0,0,0,0,4,4,4,6.7,104,79,6,177,19,5.9,286,92,6.3,358,64,0,0,0,0,0,0,0,0,0,0,4,4,4,6.9,105,74,7.1,175,49,6.3,290,89,5.8,362,18,0,0,0,0,0,0,0,0,0
20251209100217_B_1003512013_TR.jpg,FALSE,0,4,4,4,6.7,334,51,7.1,262,67,6.8,187,48,3.1,110,62,0,0,0,0,0,0,0,0,0,0,4,3,4,0,317,86,7.3,237,66,7.1,165,18,3.8,91,80,6.9,0,0,0,0,0,0,0,0,0,5,3,4,6,103,7,6.8,175,36,6.8,246,11,0,317,83,0,0,0,3.4,0,0,0,0,0,0,4,4,4,7.4,103,45,7,179,69,7.1,245,14,7.4,319,69,0,0,0,0,0,0,0,0,0
20251209100229_A_1003569447_TR.jpg,FALSE,0,2,2,2,4.2,323,80,2.5,147,43,0,0,0,0,0,0,0,0,0,0,0,0,0,0,0,0,2,2,2,7.9,306,60,2.6,136,81,0,0,0,0,0,0,0,0,0,0,0,0,0,0,0,0,2,1,2,0,131,114,2.6,285,85,3.7,0,0,0,0,0,0,0,0,0,0,0,0,0,0,0,4,2,2,3.9,114,47,0,278,78,0,0,0,2.6,0,0,0,0,0,0,0,0,0,0,0
20251209100340_B_1003601283_TR.jpg,FALSE,0,3,2,2,5.3,336,21,0,181,125,5.7,0,0,0,0,0,0,0,0,0,0,0,0,0,0,0,4,3,3,5.6,327,87,5.4,246,111,5.6,164,52,0,0,0,0,0,0,0,0,0,0,0,0,0,3,3,3,5.5,141,110,5.3,217,70,5.6,292,89,0,0,0,0,0,0,0,0,0,0,0,0,0,4,2,2,6,115,66,0,268,6,6.1,0,0,0,0,0,0,0,0,0,0,0,0,0,0
20251209100511_B_1003481421_TR.jpg,TRUE,0,2,2,2,4.5,296,6,3.6,176,95,0,0,0,0,0,0,0,0,0,0,0,0,0,0,0,0,2,2,4,3.4,349,85,3.4,313,55,2.2,279,103,3,156,61,0,0,0,0,0,0,0,0,0,0,2,2,3,3.9,185,82,3.8,298,15,2.2,384,102,0,0,0,0,0,0,0,0,0,0,0,0,0,2,1,3,4.3,91,37,0,181,79,2.7,298,6,4,0,0,0,0,0,0,0,0,0,0,0
20251209100528_A_1003569652_TR.jpg,FALSE,0,3,3,3,4.1,310,63,5,221,46,3.9,138,118,0,0,0,0,0,0,0,0,0,0,0,0,0,4,1,2,0,304,2,5.5,228,34,0,0,0,0,0,0,3,0,0,0,0,0,0,0,0,0,3,3,3,5,119,100,5.4,200,98,5.3,277,99,0,0,0,0,0,0,0,0,0,0,0,0,0,3,2,3,0,133,97,5.4,216,110,4.8,285,27,2.1,0,0,0,0,0,0,0,0,0,0,0
20251209100618_B_XXXXXXXXXX_TR.jpg,FALSE,0,4,3,4,6.7,370,26,0,273,11,6.9,173,96,6.2,66,54,3.4,0,0,0,0,0,0,0,0,0,3,3,4,6.5,373,96,7.8,270,51,6.8,171,105,4.2,57,66,0,0,0,0,0,0,0,0,0,0,3,3,3,6.7,127,89,6.7,217,30,7.9,304,73,0,0,0,0,0,0,0,0,0,0,0,0,0,3,2,4,7.2,118,76,0,213,6,7.9,302,33,6.9,380,84,5.3,0,0,0,0,0,0,0,0
20251209100643_A_1003481893_TR.jpg,FALSE,0,3,3,3,4.6,304,34,5.4,219,53,5.5,135,69,0,0,0,0,0,0,0,0,0,0,0,0,0,3,3,3,4.2,298,78,4.9,210,99,4.7,130,41,0,0,0,0,0,0,0,0,0,0,0,0,0,3,3,3,4,118,116,5.3,204,89,4.7,287,76,0,0,0,0,0,0,0,0,0,0,0,0,0,3,2,3,4.8,112,117,5.4,163,70,0,201,110,2.1,0,0,0,0,0,0,0,0,0,0,0
20251209100750_A_1003481892_TR.jpg,TRUE,0,2,2,4,4.8,296,66,6.2,216,67,5.2,138,62,2.9,64,57,0,0,0,0,0,0,0,0,0,0,3,3,0,0,302,107,0,215,119,0,133,7,0,0,0,0,0,0,0,0,0,0,0,0,0,4,2,3,5.8,41,111,0,129,59,5.5,277,103,0,0,0,3,0,0,0,0,0,0,0,0,0,3,2,4,6.8,116,55,0,182,112,5.9,207,87,2.3,274,105,3.2,0,0,0,0,0,0,0,0
20251209100754_B_1003602096_TR.jpg,FALSE,0,5,2,2,0,215,94,5.3,133,87,4.1,0,0,0,0,0,0,0,0,0,0,0,0,0,0,0,4,3,3,5.5,317,18,6.1,223,71,5.8,128,109,0,0,0,0,0,0,0,0,0,0,0,0,0,3,3,4,4.4,77,116,6.1,143,98,4.7,228,62,2.9,312,89,0,0,0,0,0,0,0,0,0,0,3,3,4,6.3,60,19,6.8,129,75,6.4,221,23,4.9,307,78,0,0,0,0,0,0,0,0,0
20251209100830_A_1003601278_TR.jpg,TRUE,0,2,1,8,0,385,5,5.3,360,120,5.4,334,105,2.4,232,19,5.3,191,107,5.5,145,95,5.6,96,29,0,3,0,5,0,316,11,0,235,118,0,206,99,6.4,153,77,7.1,94,118,6.3,0,0,6.2,0,0,0,4,3,4,3.1,86,63,0,160,115,6.5,229,57,6.3,319,25,6.8,0,0,0,0,0,0,0,0,0,5,1,8,0,75,108,0,113,100,0,133,5,0,150,16,4.3,188,42,5.9,221,61,7.6,270,49
20251209100858_B_1003601281_TR.jpg,FALSE,0,5,1,1,0,135,13,0,0,0,0,0,0,3.8,0,0,0,0,0,0,0,0,0,0,0,0,3,1,1,0,139,63,0,0,0,3.1,0,0,0,0,0,0,0,0,0,0,0,0,0,0,0,3,3,0,0,130,60,0,210,113,0,296,62,0,0,0,0,0,0,0,0,0,0,0,0,0,3,1,2,0,206,124,0,290,118,5.6,0,0,3.3,0,0,0,0,0,0,0,0,0,0,0
20251209100934_A_1003060231_TR.jpg,TRUE,0,4,3,4,6.5,329,46,6.8,248,37,7.1,175,74,0,99,4,6.4,0,0,0,0,0,0,0,0,0,4,4,4,6.6,326,6,7.4,238,70,7.7,152,89,6.9,64,59,0,0,0,0,0,0,0,0,0,0,4,4,4,6.5,97,14,7.3,175,80,7.1,249,23,6.5,334,28,0,0,0,0,0,0,0,0,0,0,4,4,5,6.6,44,23,7.4,97,13,7.7,176,39,6.5,272,96,2.8,357,32,0,0,0,0,0,0
20251209101000_B_1003602097_TR.jpg,TRUE,0,2,2,4,5.6,374,23,4.6,283,101,3.4,225,10,4.5,144,120,0,0,0,0,0,0,0,0,0,0,2,0,2,0,228,16,0,91,88,4,0,0,4.3,0,0,0,0,0,0,0,0,0,0,0,0,2,0,4,0,88,81,0,174,22,2.2,255,19,2,330,61,5.3,0,0,4.1,0,0,0,0,0,0,1,0,4,0,124,80,2.4,152,80,2.7,307,44,6.5,382,71,3.3,0,0,0,0,0,0,0,0
20251209101039_A_1003541631_TR.jpg,FALSE,0,3,2,2,0,221,23,5.2,142,122,5.2,0,0,0,0,0,0,0,0,0,0,0,0,0,0,0,3,3,4,4.5,386,80,3.6,302,55,3.8,218,115,6.9,133,52,0,0,0,0,0,0,0,0,0,0,4,3,3,0,136,69,5.4,218,43,4.9,298,106,4.5,0,0,0,0,0,0,0,0,0,0,0,0,3,3,3,5.2,126,85,4.6,208,111,4.5,291,113,0,0,0,0,0,0,0,0,0,0,0,0
20251209101112_B_1003599352_TR.jpg,FALSE,0,3,3,3,3.7,290,61,3.6,214,46,3,143,66,0,0,0,0,0,0,0,0,0,0,0,0,0,3,2,2,0,224,108,5,142,53,3.4,0,0,0,0,0,0,0,0,0,0,0,0,0,0,0,3,3,3,2.4,149,78,3.8,215,49,3.4,286,35,0,0,0,0,0,0,0,0,0,0,0,0,0,3,3,3,4.8,116,89,4.9,191,38,3.8,261,107,0,0,0,0,0,0,0,0,0,0,0,0
20251209101219_B_1003541630_TR.jpg,FALSE,0,4,2,2,5.9,305,100,0,139,95,0,0,0,5,0,0,0,0,0,0,0,0,0,0,0,0,4,3,4,5.6,388,33,0,294,93,3.6,210,49,5.2,126,100,4.4,0,0,0,0,0,0,0,0,0,5,3,3,0,132,84,6,210,70,0,287,112,4.2,0,0,5.7,0,0,0,0,0,0,0,0,0,3,2,3,6.1,117,111,5.4,204,58,0,298,118,3.5,0,0,0,0,0,0,0,0,0,0,0
20251209101338_A_1003423527_TR.jpg,FALSE,0,4,4,4,6.7,321,104,6.3,248,69,7,178,24,6.6,105,41,0,0,0,0,0,0,0,0,0,0,4,3,3,7.6,339,12,0,193,21,7,115,64,6.8,0,0,0,0,0,0,0,0,0,0,0,0,5,3,3,0,172,92,2.8,253,61,6.7,323,103,6.6,0,0,0,0,0,0,0,0,0,0,0,0,4,4,4,5.1,129,6,6.4,207,19,6.7,284,44,6.1,365,26,0,0,0,0,0,0,0,0,0
20251209101419_B_1003599359_TR.jpg,FALSE,0,3,3,3,5.4,317,95,6.8,220,75,6.5,124,72,0,0,0,0,0,0,0,0,0,0,0,0,0,3,3,3,6.8,312,56,7.3,215,56,7,118,96,0,0,0,0,0,0,0,0,0,0,0,0,0,3,3,5,6.4,66,63,6.6,123,2,6.4,218,16,4.4,309,8,4,380,32,0,0,0,0,0,0,0,4,3,3,6.9,119,75,0,213,72,7.4,303,95,2.3,0,0,0,0,0,0,0,0,0,0,0
20251209103125_A_1003601279_TR.jpg,FALSE,0,2,2,3,2.6,295,69,2.3,208,67,2.6,115,51,0,0,0,0,0,0,0,0,0,0,0,0,0,3,3,3,4.2,313,16,4.4,214,82,3.6,116,69,0,0,0,0,0,0,0,0,0,0,0,0,0,3,3,3,2.9,119,85,2.5,208,13,2.3,293,88,0,0,0,0,0,0,0,0,0,0,0,0,0,5,3,3,4.2,124,105,0,230,67,4.3,334,74,4.7,0,0,0,0,0,0,0,0,0,0,0
20251209103203_B_1003590299_TR.jpg,FALSE,0,5,1,1,0,299,61,5.8,0,0,0,0,0,0,0,0,0,0,0,0,0,0,0,0,0,0,3,1,0,0,287,60,0,0,0,0,0,0,0,0,0,0,0,0,0,0,0,0,0,0,0,3,1,1,0,273,94,0,0,0,2.3,0,0,0,0,0,0,0,0,0,0,0,0,0,0,0,4,2,2,2.5,122,106,0,262,108,5.1,0,0,0,0,0,0,0,0,0,0,0,0,0,0
20251209103219_A_1003586062_TR.jpg,FALSE,0,3,1,2,0,227,120,3.4,141,77,0,0,0,2,0,0,0,0,0,0,0,0,0,0,0,0,5,3,3,0,304,93,4.3,218,70,4.7,127,49,3.9,0,0,0,0,0,0,0,0,0,0,0,0,4,2,3,0,128,53,3.4,204,103,0,280,46,2.5,0,0,3.1,0,0,0,0,0,0,0,0,0,4,3,3,3.6,135,63,3.9,221,41,3.6,304,76,0,0,0,0,0,0,0,0,0,0,0,0
20251209103258_A_1003590300_TR.jpg,FALSE,0,4,2,2,0,252,66,5.9,179,73,5.7,0,0,0,0,0,0,0,0,0,0,0,0,0,0,0,4,3,4,0,311,85,5.9,237,20,5.6,153,72,4.7,90,56,5.4,0,0,0,0,0,0,0,0,0,4,3,0,0,123,82,0,201,23,0,350,20,0,0,0,0,0,0,0,0,0,0,0,0,0,4,3,4,7,94,37,7.1,168,87,0,242,86,4.5,315,70,3.2,0,0,0,0,0,0,0,0
20251209103324_B_1003590297_TR.jpg,FALSE,0,3,3,4,6.6,306,42,6.4,222,59,7.2,140,106,4,59,78,0,0,0,0,0,0,0,0,0,0,4,3,4,0,293,30,6.2,204,91,6.3,119,112,6.1,45,97,4,0,0,0,0,0,0,0,0,0,4,3,3,7.2,113,99,7,201,67,2.8,278,27,0,0,0,0,0,0,0,0,0,0,0,0,0,3,3,3,6.8,140,112,5,226,53,6.6,313,26,0,0,0,0,0,0,0,0,0,0,0,0
20251209103408_A_1003436377_TR.jpg,FALSE,0,3,3,3,4.6,306,108,4.4,222,105,4.1,136,7,0,0,0,0,0,0,0,0,0,0,0,0,0,3,3,3,4.7,313,93,4.4,231,9,4.1,132,112,0,0,0,0,0,0,0,0,0,0,0,0,0,3,3,3,4.5,127,72,4.1,205,110,4.1,290,63,0,0,0,0,0,0,0,0,0,0,0,0,0,4,3,3,5.2,113,43,0,197,9,5.1,287,97,4.4,0,0,0,0,0,0,0,0,0,0,0
20251209103445_B_1003601289_TR.jpg,TRUE,0,2,1,2,3.1,260,65,0,200,94,4.9,0,0,0,0,0,0,0,0,0,0,0,0,0,0,0,1,0,3,0,288,71,5,221,88,5.1,66,81,4.4,0,0,0,0,0,0,0,0,0,0,0,0,2,0,3,0,154,100,0,228,78,3.9,0,0,4.6,0,0,5.7,0,0,0,0,0,0,0,0,0,1,0,4,0,50,102,9.5,164,32,6.4,205,120,2.1,246,123,7.3,0,0,0,0,0,0,0,0
20251209103456_A_1003590296_TR.jpg,FALSE,0,3,2,2,6.5,296,93,6.6,202,42,0,0,0,0,0,0,0,0,0,0,0,0,0,0,0,0,3,3,3,6.5,346,96,7.4,241,47,7.2,137,32,0,0,0,0,0,0,0,0,0,0,0,0,0,3,3,3,6.6,124,32,7,229,85,4.1,329,75,0,0,0,0,0,0,0,0,0,0,0,0,0,3,3,3,6.9,117,88,7.5,219,71,6,320,96,0,0,0,0,0,0,0,0,0,0,0,0
20251209103539_B_1003591331_TR.jpg,FALSE,0,3,3,3,5.7,304,24,6,221,52,6,124,22,0,0,0,0,0,0,0,0,0,0,0,0,0,3,3,3,3,291,45,5,194,53,4.6,81,98,0,0,0,0,0,0,0,0,0,0,0,0,0,3,3,3,6,116,15,5.3,195,19,5.8,301,77,0,0,0,0,0,0,0,0,0,0,0,0,0,3,3,3,3.7,116,80,4.7,206,51,5.2,318,38,0,0,0,0,0,0,0,0,0,0,0,0
20251209103558_A_1003591329_TR.jpg,TRUE,0,4,2,2,7.4,301,45,7,211,73,0,0,0,0,0,0,0,0,0,0,0,0,0,0,0,0,3,3,4,5.8,380,72,6,323,16,6.3,217,27,3.2,118,105,0,0,0,0,0,0,0,0,0,0,3,3,4,7.3,128,85,6.8,220,86,7.1,311,88,2.8,373,31,0,0,0,0,0,0,0,0,0,0,4,3,7,6.2,53,13,0,84,94,5.9,121,35,5.9,150,93,4.1,218,33,2.4,312,5,2.1,365,81
20251209103736_B_1003568213_TR.jpg,TRUE,0,5,4,5,3.6,324,75,6.3,256,100,0,169,111,6.3,92,47,3,63,63,3.1,0,0,0,0,0,0,4,2,2,0,249,82,6.6,161,123,6.5,0,0,0,0,0,0,0,0,0,0,0,0,0,0,0,5,3,3,0,164,83,5.3,252,118,0,314,113,2.6,0,0,4.8,0,0,0,0,0,0,0,0,0,4,2,2,0,204,85,6.8,299,118,0,0,0,5.5,0,0,0,0,0,0,0,0,0,0,0
20251209103910_B_1003599356_TR.jpg,FALSE,0,3,0,0,0,0,0,0,0,0,0,0,0,0,0,0,0,0,0,0,0,0,0,0,0,0,2,0,0,0,0,0,0,0,0,0,0,0,0,0,0,0,0,0,0,0,0,0,0,0,0,3,0,3,0,133,45,0,279,57,0,317,112,3.3,0,0,3.4,0,0,4,0,0,0,0,0,0,2,0,1,0,170,22,0,0,0,3.6,0,0,0,0,0,0,0,0,0,0,0,0,0,0
20251209104055_A_1003536131_TR.jpg,FALSE,0,3,3,3,4.8,288,106,5,205,87,4.7,131,49,0,0,0,0,0,0,0,0,0,0,0,0,0,4,3,3,4.6,291,26,4.7,211,85,4.5,123,118,0,0,0,0,0,0,0,0,0,0,0,0,0,3,3,3,5.2,142,73,5.4,216,8,5.5,284,60,0,0,0,0,0,0,0,0,0,0,0,0,0,3,2,3,5.7,126,70,0,202,113,5.2,281,68,5.3,0,0,0,0,0,0,0,0,0,0,0
20251209104348_A_1003602034_TR.jpg,TRUE,0,4,2,6,0,320,37,4.4,246,63,0,232,18,5.4,189,26,4.5,109,10,3.5,86,57,3.2,0,0,0,2,1,5,0,352,59,5.6,312,6,5.2,254,15,4.5,123,20,4.2,82,80,3.8,0,0,0,0,0,0,4,1,7,0,81,81,6.4,111,77,0,128,36,0,197,48,5.1,268,94,6,309,22,4.3,365,70,0,5,0,5,0,136,87,0,199,85,0,274,70,0,302,77,0,354,42,5.2,0,0,6.4,0,0
20251209104407_B_1003593688_TR.jpg,FALSE,0,3,2,3,5.4,332,35,6.3,241,22,0,82,58,2.4,0,0,0,0,0,0,0,0,0,0,0,0,3,3,4,3.9,302,52,4.9,218,105,3.6,128,90,2.1,68,38,0,0,0,0,0,0,0,0,0,0,2,2,3,5.7,133,62,6,224,26,5.3,303,62,0,0,0,0,0,0,0,0,0,0,0,0,0,5,3,4,4.9,51,6,5.7,119,52,0,200,119,5,284,27,0,0,0,2.5,0,0,0,0,0
20251209104512_A_1003593703_TR.jpg,TRUE,0,3,2,5,3.6,389,26,0,366,33,4.3,316,83,6.7,225,96,2.6,128,36,4.8,0,0,0,0,0,0,3,3,4,3.4,311,48,5.2,224,67,3.9,131,118,2.9,90,55,0,0,0,0,0,0,0,0,0,0,3,1,4,5.6,120,76,0,148,58,0,206,85,4.7,289,91,3.4,0,0,4.3,0,0,0,0,0,0,4,2,4,4.4,118,77,5.9,180,6,0,209,13,0,285,90,2,0,0,3.9,0,0,0,0,0
20251209104540_B_1003437460_TR.jpg,TRUE,0,4,4,4,4.1,382,35,5.4,296,11,4.6,196,68,3.2,119,68,0,0,0,0,0,0,0,0,0,0,2,1,4,0,348,133,3,247,88,2.8,172,40,3.1,84,131,3.5,0,0,0,0,0,0,0,0,0,3,3,4,3.8,106,35,4.8,183,8,3.8,274,61,2.4,337,15,0,0,0,0,0,0,0,0,0,0,2,2,4,5.6,111,66,5.2,144,45,5.1,222,60,4.9,334,40,0,0,0,0,0,0,0,0,0
20251209104605_A_1003569550_TR.jpg,TRUE,0,4,3,3,0,319,108,6,231,44,5.9,141,112,5.9,0,0,0,0,0,0,0,0,0,0,0,0,3,3,4,6.5,315,49,7,242,91,8.3,171,31,5.7,136,90,0,0,0,0,0,0,0,0,0,0,3,3,3,6,141,106,6.4,229,97,6.1,315,43,0,0,0,0,0,0,0,0,0,0,0,0,0,4,3,3,6.7,123,25,7.5,215,25,0,306,110,6.4,0,0,0,0,0,0,0,0,0,0,0
20251209104843_A_1003357245_TR.jpg,FALSE,0,4,2,2,0,275,73,4.7,188,2,6.9,0,0,0,0,0,0,0,0,0,0,0,0,0,0,0,4,2,2,3.1,306,78,2.8,149,26,0,0,0,0,0,0,0,0,0,0,0,0,0,0,0,0,3,2,3,5.2,122,38,0,214,87,5.9,309,81,7.1,0,0,0,0,0,0,0,0,0,0,0,0,3,2,2,3.2,106,38,4.6,256,25,0,0,0,0,0,0,0,0,0,0,0,0,0,0,0
20251209104902_B_1002288782_TR.jpg,FALSE,0,2,0,0,0,0,0,0,0,0,0,0,0,0,0,0,0,0,0,0,0,0,0,0,0,0,3,2,2,0,213,83,4.2,130,74,4.2,0,0,0,0,0,0,0,0,0,0,0,0,0,0,0,3,0,1,0,390,22,0,0,0,0,0,0,3.3,0,0,0,0,0,0,0,0,0,0,0,0,4,2,2,0,136,58,2.6,215,117,4.6,0,0,0,0,0,0,0,0,0,0,0,0,0,0
20251209105004_A_1003344161_TR.jpg,FALSE,0,3,3,3,3.6,305,63,4.1,214,15,3.9,121,102,0,0,0,0,0,0,0,0,0,0,0,0,0,3,3,3,5.2,309,71,5.8,213,84,4.5,123,54,0,0,0,0,0,0,0,0,0,0,0,0,0,3,3,4,5,70,61,4.6,127,48,4,207,40,2.2,288,83,0,0,0,0,0,0,0,0,0,0,3,3,3,6.5,135,63,6.5,215,113,6.2,294,97,0,0,0,0,0,0,0,0,0,0,0,0
20251209105009_B_1003491122_TR.jpg,TRUE,0,1,1,1,2.6,133,13,0,0,0,0,0,0,0,0,0,0,0,0,0,0,0,0,0,0,0,1,0,1,0,227,78,2.7,0,0,0,0,0,0,0,0,0,0,0,0,0,0,0,0,0,0,0,0,6,1.8,101,58,2.1,128,64,2.7,163,93,2.9,204,81,2.4,250,62,4.3,295,110,0,0,0,0,0,0,0,0,0,0,0,0,0,0,0,0,0,0,0,0,0,0,0,0,0,0,0,0
20251209105101_A_1003550363_TR.jpg,TRUE,0,3,3,4,4.5,365,85,5.2,340,87,3.6,273,24,4.5,99,84,0,0,0,0,0,0,0,0,0,0,3,3,3,4.7,350,54,5.3,269,62,4,85,56,0,0,0,0,0,0,0,0,0,0,0,0,0,4,3,6,4.7,48,73,0,89,49,4.3,165,58,3.6,299,50,3.1,332,40,4.3,361,58,2.6,0,0,0,3,3,4,5,59,33,5.1,94,63,3.8,188,19,2.5,374,69,0,0,0,0,0,0,0,0,0
20251209105123_B_1003569547_TR.jpg,FALSE,0,4,3,3,3.1,329,86,4,242,127,3.6,163,38,0,0,0,0,0,0,0,0,0,0,0,0,0,3,3,3,4.6,301,70,4.2,219,45,3.9,135,20,0,0,0,0,0,0,0,0,0,0,0,0,0,5,2,2,0,198,76,5,272,28,3.2,0,0,0,0,0,0,0,0,0,0,0,0,0,0,0,5,2,3,0,134,11,5.1,215,92,5.1,386,106,0,0,0,0,0,0,3,0,0,0,0,0
20251209105234_B_1003602061_TR.jpg,TRUE,0,3,3,5,5.8,376,24,5.9,356,28,5.8,296,10,3.1,212,86,4.2,143,62,0,0,0,0,0,0,0,3,3,4,5.8,349,36,6.2,300,87,5.7,212,36,3.6,135,45,0,0,0,0,0,0,0,0,0,0,3,3,5,5.9,103,19,6.4,158,48,6.4,239,70,3.3,330,51,2.7,397,54,0,0,0,0,0,0,0,3,3,3,6,140,84,6.6,233,60,6.3,320,96,0,0,0,0,0,0,0,0,0,0,0,0
20251209105305_A_1003041545_TR.jpg,TRUE,0,4,4,6,7.2,332,30,8.3,281,39,8.5,252,53,6.5,169,58,3.1,131,83,2.2,83,21,0,0,0,0,4,5,5,6.4,331,10,8.6,253,11,m,172,24,3.3,151,20,0,86,61,0,0,0,0,0,0,0,4,4,5,2.7,67,90,8.4,97,86,8.7,177,21,5.3,263,23,2.2,341,74,0,0,0,0,0,0,0,4,4,5,7.2,77,91,8.5,135,4,8.5,163,67,6.2,259,72,3.7,346,51,0,0,0,0,0,0
20251209105347_B_1003335156_TR.jpg,FALSE,0,2,0,0,0,0,0,0,0,0,0,0,0,0,0,0,0,0,0,0,0,0,0,0,0,0,4,1,2,4.8,289,44,0,59,30,0,0,0,0,0,0,3.1,0,0,0,0,0,0,0,0,0,2,2,3,5.2,150,110,5.1,199,104,2.2,280,72,0,0,0,0,0,0,0,0,0,0,0,0,0,3,0,1,0,372,107,0,0,0,0,0,0,2.2,0,0,0,0,0,0,0,0,0,0,0
20251209105450_B_1003569551_TR.jpg,TRUE,0,3,3,4,3,301,73,m,236,103,0,216,41,3.9,162,89,0,0,0,0,0,0,0,0,0,0,2,0,1,0,235,103,0,0,0,3.2,0,0,0,0,0,0,0,0,0,0,0,0,0,0,0,3,1,1,0,221,58,4.8,0,0,0,0,0,0,0,0,0,0,0,0,0,0,0,0,0,0,3,3,3,4.3,137,138,5.8,225,59,5.4,290,12,0,0,0,0,0,0,0,0,0,0,0,0
20251209105601_B_1003569653_TR.jpg,FALSE,0,4,2,2,0,311,70,2.5,131,78,0,0,0,3.2,0,0,0,0,0,0,0,0,0,0,0,0,3,3,3,4.7,306,68,5.9,219,105,4,124,44,0,0,0,0,0,0,0,0,0,0,0,0,0,5,0,1,0,283,12,0,0,0,0,0,0,0,0,0,0,0,0,3.8,0,0,0,0,0,0,3,0,1,0,288,59,0,0,0,0,0,0,3.6,0,0,0,0,0,0,0,0,0,0,0
20251209105820_B_1003602059_TR.jpg,FALSE,0,3,1,2,5.1,307,63,0,130,103,0,0,0,5.6,0,0,0,0,0,0,0,0,0,0,0,0,3,1,2,6.2,302,90,0,128,17,0,0,0,5.1,0,0,0,0,0,0,0,0,0,0,0,0,3,3,3,3.2,125,9,7.8,221,68,4.7,322,119,0,0,0,0,0,0,0,0,0,0,0,0,0,3,2,3,0,122,51,7.7,212,35,6,304,118,5.9,0,0,0,0,0,0,0,0,0,0,0
20251209105920_A_1002359845_TR.jpg,TRUE,0,4,3,8,0,355,44,4.3,322,6,3.5,277,71,8.6,250,25,3.7,188,100,5.7,137,15,6.3,120,101,0,3,2,5,4,352,97,0,331,87,3,308,35,4.2,156,75,6.3,102,97,5.5,0,0,0,0,0,0,1,1,7,7.4,88,78,6.7,112,31,3.2,163,107,3.5,232,17,3.9,259,103,6.3,295,18,5.6,335,56,0,2,0,7,0,73,43,0,100,85,4.6,149,30,5.5,214,57,6.5,258,68,4.5,329,26,6.2,352,103
20251209105937_B_1003562891_TR.jpg,TRUE,0,4,4,6,0.8,349,79,4.9,335,9,5,269,60,6.2,197,53,4.5,116,2,2.9,42,35,0,0,0,0,3,2,6,4.2,394,3,4.1,341,68,0,266,64,9.8,208,27,4.7,149,70,8.1,0,0,3.2,0,0,0,4,4,5,6.1,59,52,6.1,105,44,6.2,180,74,6.4,243,2,3.5,323,56,0,0,0,0,0,0,0,4,4,4,3.9,101,66,3.8,182,48,3.4,247,70,3.4,325,3,0,0,0,0,0,0,0,0,0
20251209110019_A_1003569549_TR.jpg,FALSE,0,3,2,2,1.8,297,91,0,144,89,3.1,0,0,0,0,0,0,0,0,0,0,0,0,0,0,0,3,3,3,3.9,317,120,3.4,230,3,4.5,143,103,0,0,0,0,0,0,0,0,0,0,0,0,0,4,2,2,0,139,85,4.5,212,31,4.3,0,0,0,0,0,0,0,0,0,0,0,0,0,0,0,3,2,4,4.8,61,25,0,132,55,4.8,199,115,7.5,293,97,2.3,0,0,0,0,0,0,0,0
20251209110104_B_1003562889_TR.jpg,TRUE,0,5,3,4,0,357,2,0,270,29,4.9,202,30,4.7,119,50,5.1,0,0,4.8,0,0,0,0,0,0,4,4,7,7,354,36,7.4,264,73,7,213,82,6.8,186,64,2.8,131,58,3.7,95,73,1.7,55,64,0,4,4,4,5.2,105,6,4.8,183,71,5,247,73,5.4,329,33,0,0,0,0,0,0,0,0,0,0,4,3,5,0,71,42,6.6,87,83,7,176,70,7.3,245,27,3.2,329,72,4.1,0,0,0,0,0
20251209110125_A_1003562890_TR.jpg,FALSE,0,4,4,4,6.8,318,20,6,239,63,6.1,169,23,7,90,67,0,0,0,0,0,0,0,0,0,0,4,4,4,5.3,302,20,5,206,4,5.2,135,80,5.1,44,85,0,0,0,0,0,0,0,0,0,0,4,3,4,8.2,80,80,0,166,12,6.1,233,14,6.7,317,5,6.7,0,0,0,0,0,0,0,0,0,4,4,5,4.9,71,56,5.4,115,6,5.8,206,77,5.9,280,50,2.6,371,19,0,0,0,0,0,0
20251209110257_B_1003555119_TR.jpg,FALSE,0,5,2,0,0,274,102,0,218,40,0,0,0,0,0,0,0,0,0,0,0,0,0,0,0,0,4,0,1,0,265,45,0,0,0,0,0,0,0,0,0,6.1,0,0,0,0,0,0,0,0,0,4,3,3,0,197,99,4.7,250,43,6.7,342,45,4.6,0,0,0,0,0,0,0,0,0,0,0,0,3,1,1,0,325,45,0,0,0,4.4,0,0,0,0,0,0,0,0,0,0,0,0,0,0
20251209110403_B_1003569548_TR.jpg,FALSE,0,3,1,1,0,174,21,0,0,0,6.4,0,0,0,0,0,0,0,0,0,0,0,0,0,0,0,4,2,2,0,359,115,3,290,29,3.9,0,0,0,0,0,0,0,0,0,0,0,0,0,0,0,3,1,1,0,251,53,0,0,0,6.7,0,0,0,0,0,0,0,0,0,0,0,0,0,0,0,2,1,1,0,192,69,6.3,0,0,0,0,0,0,0,0,0,0,0,0,0,0,0,0,0
20251209110405_A_1003601925_TR.jpg,TRUE,0,3,3,5,6,322,72,5.8,216,105,5.5,201,19,4.8,117,10,3,62,8,0,0,0,0,0,0,0,3,3,3,5.8,314,58,6.5,214,93,5.3,111,92,0,0,0,0,0,0,0,0,0,0,0,0,0,3,2,5,0,94,106,2.4,116,77,6.9,211,101,2.7,316,100,7.2,398,69,4.9,0,0,0,0,0,0,3,2,4,6.4,133,15,0,215,30,5.9,244,81,7.7,335,108,7.6,0,0,0,0,0,0,0,0
20251209110455_A_XXXXXXXXXX_TR.jpg,FALSE,0,4,3,4,5.2,327,47,0,260,55,6.1,168,27,5.3,55,19,3.2,0,0,0,0,0,0,0,0,0,3,3,4,5,333,38,5.4,259,64,4.6,171,44,2.7,97,24,0,0,0,0,0,0,0,0,0,0,3,3,3,5.9,103,11,5.8,174,51,5.5,277,17,0,0,0,0,0,0,0,0,0,0,0,0,0,4,3,3,5.5,57,82,5.3,134,3,4.7,232,5,0,0,0,0,0,0,0,0,0,0,0,0
20251209110530_B_1003602085_TR.jpg,FALSE,0,3,0,0,0,0,0,0,0,0,0,0,0,0,0,0,0,0,0,0,0,0,0,0,0,0,3,0,0,0,0,0,0,0,0,0,0,0,0,0,0,0,0,0,0,0,0,0,0,0,0,3,1,2,0,198,119,2.7,273,22,0,0,0,2.9,0,0,0,0,0,0,0,0,0,0,0,0,2,0,0,0,0,0,0,0,0,0,0,0,0,0,0,0,0,0,0,0,0,0,0,0
20251209110631_B_1002836262_TR.jpg,TRUE,0,4,4,4,6.1,356,37,7.8,280,21,7.6,214,67,4,132,96,0,0,0,0,0,0,0,0,0,0,4,3,3,0,239,78,6.8,172,19,6.1,99,31,6,0,0,0,0,0,0,0,0,0,0,0,0,4,2,3,0,122,83,7,190,48,6.9,245,34,0,0,0,6,0,0,0,0,0,0,0,0,0,2,1,5,0,20,75,6.4,156,61,3.1,236,86,6.4,310,45,4.9,344,32,3.8,0,0,0,0,0
20251209110736_A_1003569074_TR.jpg,TRUE,0,4,2,6,0,368,64,8.8,342,64,7.6,247,53,0,231,36,7.4,182,48,8.3,58,2,4.7,0,0,0,5,3,4,0,237,64,7.6,162,53,0,101,52,7.4,85,11,6,0,0,7.1,0,0,0,0,0,0,4,4,7,7.6,82,41,8.4,110,14,8.5,166,35,8,239,56,8,282,63,7.8,315,69,6.6,370,13,0,4,2,4,0,68,16,7.8,86,71,0,163,57,4.9,319,80,8.5,0,0,8.2,0,0,0,0,0
20251209110754_B_1003585455_TR.jpg,FALSE,0,1,0,2,0,263,118,4.5,218,14,2.4,0,0,0,0,0,0,0,0,0,0,0,0,0,0,0,3,0,1,0,300,55,0,0,0,0,0,0,4.3,0,0,0,0,0,0,0,0,0,0,0,0,3,0,6,0,55,37,0,127,51,0,229,68,2.7,284,120,4.6,339,6,3.4,374,11,2.8,0,0,0,3,0,1,0,66,33,0,0,0,0,0,0,8.1,0,0,0,0,0,0,0,0,0,0,0
20251209110859_A_1003602055_TR.jpg,TRUE,0,5,3,5,5.5,304,63,6.2,252,59,0,224,35,6.3,177,4,0,96,7,3.4,0,0,5.6,0,0,0,4,4,4,6.9,340,79,7.1,247,92,6.8,194,83,5.7,101,86,0,0,0,0,0,0,0,0,0,0,4,4,5,6.1,129,38,6.4,187,27,6.1,226,11,5.5,278,35,3.4,368,64,0,0,0,0,0,0,0,4,4,4,6.1,97,22,7.1,200,18,6.8,255,66,6.6,352,87,0,0,0,0,0,0,0,0,0
20251209110914_B_1003601280_TR.jpg,FALSE,0,2,2,2,3.7,292,9,3.7,126,119,0,0,0,0,0,0,0,0,0,0,0,0,0,0,0,0,3,2,2,4.1,329,53,0,147,118,3.7,0,0,0,0,0,0,0,0,0,0,0,0,0,0,0,4,2,2,0,127,97,0,301,103,4.1,0,0,4.2,0,0,0,0,0,0,0,0,0,0,0,0,3,2,2,4,114,64,0,280,111,3.6,0,0,0,0,0,0,0,0,0,0,0,0,0,0
20251209111028_B_1003601275_TR.jpg,FALSE,0,4,2,2,0,299,69,4.8,144,106,0,0,0,4.1,0,0,0,0,0,0,0,0,0,0,0,0,4,2,2,0,299,119,5.2,140,59,0,0,0,4.9,0,0,0,0,0,0,0,0,0,0,0,0,3,2,2,6,128,16,0,290,63,5.7,0,0,0,0,0,0,0,0,0,0,0,0,0,0,0,3,2,2,4.9,127,10,0,282,116,5.5,0,0,0,0,0,0,0,0,0,0,0,0,0,0
20251209111100_A_1003601274_TR.jpg,TRUE,0,3,3,4,5,379,58,5.6,300,103,5.3,211,19,2.2,125,84,0,0,0,0,0,0,0,0,0,0,3,3,4,6.2,314,83,6.6,284,45,6.4,212,102,4.3,117,22,0,0,0,0,0,0,0,0,0,0,4,3,3,0,122,90,6.2,205,13,6.5,283,27,5.7,0,0,0,0,0,0,0,0,0,0,0,0,3,3,3,6.3,125,105,7,226,46,6.6,319,114,0,0,0,0,0,0,0,0,0,0,0,0
20251209111129_B_1003562892_TR.jpg,TRUE,0,4,4,4,6,343,11,5.8,257,15,5.7,191,57,5.8,104,76,0,0,0,0,0,0,0,0,0,0,3,3,5,5.7,375,2,5.8,326,52,5.9,242,76,2.4,175,70,5.5,92,17,0,0,0,0,0,0,0,4,4,5,6.4,93,32,6,174,44,6.4,240,64,5.6,298,78,4.5,319,28,0,0,0,0,0,0,0,4,4,5,6.7,88,12,6.6,171,37,6.4,238,30,7,317,69,2.7,356,55,0,0,0,0,0,0
20251209111201_A_1003602035_TR.jpg,FALSE,0,3,2,3,4.7,306,47,0,225,91,4.2,155,82,4.7,0,0,0,0,0,0,0,0,0,0,0,0,3,3,3,6.8,312,59,7.4,213,77,7.6,107,51,0,0,0,0,0,0,0,0,0,0,0,0,0,4,3,4,5.4,126,63,5.6,203,82,5.5,285,49,0,342,5,3.1,0,0,0,0,0,0,0,0,0,3,3,4,4.3,47,94,4.7,128,46,4.2,216,61,2.9,287,66,0,0,0,0,0,0,0,0,0
20251209111327_A_1003601286_TR.jpg,FALSE,0,2,2,2,2.5,292,91,2.4,213,115,0,0,0,0,0,0,0,0,0,0,0,0,0,0,0,0,3,3,3,3,295,76,2.8,211,87,2.5,126,69,0,0,0,0,0,0,0,0,0,0,0,0,0,3,0,0,0,0,0,0,0,0,0,0,0,0,0,0,0,0,0,0,0,0,0,0,0,0,4,1,1,0,216,74,0,0,0,2.7,0,0,0,0,0,0,0,0,0,0,0,0,0,0
20251209111357_B_1003602054_TR.jpg,FALSE,0,2,0,1,0,265,60,0,0,0,3.3,0,0,0,0,0,0,0,0,0,0,0,0,0,0,0,4,1,2,0,397,53,6.7,236,59,0,0,0,0,0,0,3.4,0,0,0,0,0,0,0,0,0,5,3,4,0,118,69,2.3,245,102,0,317,102,2.7,394,42,2.3,0,0,2.9,0,0,0,0,0,0,4,2,4,0,45,74,3,122,50,0,191,53,4.5,337,110,3.8,0,0,5.7,0,0,0,0,0
20251209111435_A_1003569438_TR.jpg,FALSE,0,2,2,3,2.4,288,103,2.3,212,74,2.8,141,102,0,0,0,0,0,0,0,0,0,0,0,0,0,3,2,2,2.4,281,72,2.1,206,101,0,0,0,0,0,0,0,0,0,0,0,0,0,0,0,0,3,2,3,3.3,147,104,3,219,103,0,292,95,3.5,0,0,0,0,0,0,0,0,0,0,0,0,4,3,3,3.3,124,98,3.2,197,101,2.5,265,8,0,0,0,0,0,0,0,0,0,0,0,0
20251209111632_B_1003569656_TR.jpg,FALSE,0,3,1,1,0,223,70,6.9,0,0,0,0,0,0,0,0,0,0,0,0,0,0,0,0,0,0,3,2,2,7.2,308,64,7.2,222,55,0,0,0,0,0,0,0,0,0,0,0,0,0,0,0,0,4,3,3,7.1,124,18,7.2,204,41,2.7,269,88,0,0,0,0,0,0,0,0,0,0,0,0,0,3,3,3,6.7,119,34,8.1,205,109,7.1,290,101,0,0,0,0,0,0,0,0,0,0,0,0
20251209111735_A_1003601874_TR.jpg,TRUE,0,2,0,3,0,275,63,0,186,101,5.4,96,60,2.5,0,0,5.2,0,0,0,0,0,0,0,0,0,1,0,5,0,360,15,4.3,285,73,6.1,189,88,7.9,113,63,4.5,72,78,5.2,0,0,0,0,0,0,2,0,7,0,53,106,0,86,93,3.4,118,20,2.2,199,120,2.2,248,12,2.5,276,118,8.7,357,23,0,2,3,5,8.3,160,96,m,220,72,7.8,242,63,8.3,309,96,0,336,89,0,0,0,0,0,0
20251209111751_B_1003546364_TR.jpg,TRUE,0,3,1,3,0,293,119,4.3,178,53,0,150,124,4.3,0,0,4.1,0,0,0,0,0,0,0,0,0,3,2,3,0,301,115,4.9,185,15,5.3,126,89,4.9,0,0,0,0,0,0,0,0,0,0,0,0,3,2,4,0,177,78,5.9,242,5,5.3,330,99,5.8,387,86,1.7,0,0,0,0,0,0,0,0,0,3,2,4,0,179,44,6.2,237,122,5.1,283,83,3.6,330,25,4.9,0,0,0,0,0,0,0,0
20251209111948_B_1003601285_TR.jpg,FALSE,0,3,3,3,5.8,303,62,4.3,218,109,6.8,137,78,0,0,0,0,0,0,0,0,0,0,0,0,0,3,2,3,4.7,310,60,0,132,81,6.9,55,55,3.1,0,0,0,0,0,0,0,0,0,0,0,0,1,1,1,6.7,174,81,0,0,0,0,0,0,0,0,0,0,0,0,0,0,0,0,0,0,0,3,2,2,0,204,94,7.3,293,93,7.2,0,0,0,0,0,0,0,0,0,0,0,0,0,0
20251209112115_B_1003202776_TR.jpg,FALSE,0,3,3,4,3.6,379,80,3.9,307,98,2.3,223,121,8.5,133,125,0,0,0,0,0,0,0,0,0,0,3,2,3,2.7,338,68,0,251,127,5.2,159,63,3.5,0,0,0,0,0,0,0,0,0,0,0,0,4,1,1,0,301,114,0,0,0,0,0,0,3,0,0,0,0,0,0,0,0,0,0,0,0,4,1,1,0,211,24,6.3,0,0,0,0,0,0,0,0,0,0,0,0,0,0,0,0,0
20251209112121_A_1003602056_TR.jpg,TRUE,0,3,1,5,0,387,29,5.4,347,30,0,248,83,2.2,191,10,4.7,123,45,5.4,0,0,6.4,0,0,0,4,1,4,0,249,8,0,135,35,5.5,117,44,0,88,47,6.5,0,0,1.9,0,0,3.5,0,0,0,2,2,6,5.8,55,101,2.5,93,27,5,186,81,3.4,301,91,7.4,332,103,3,382,65,0,0,0,0,3,2,4,0,86,68,5.6,211,51,5.7,336,55,3.4,376,38,5.3,0,0,0,0,0,0,0,0
20251209112215_B_1002975894_TR.jpg,FALSE,0,3,3,3,4.8,331,109,4.8,231,57,4.8,131,77,0,0,0,0,0,0,0,0,0,0,0,0,0,4,3,3,4.3,326,93,0,221,11,4,120,55,4.1,0,0,0,0,0,0,0,0,0,0,0,0,3,3,3,5.2,117,39,4.4,212,80,5.5,312,17,0,0,0,0,0,0,0,0,0,0,0,0,0,3,3,3,2.8,56,112,3.4,163,78,4.1,276,49,0,0,0,0,0,0,0,0,0,0,0,0
20251209112247_A_1003601877_TR.jpg,FALSE,0,4,3,3,2,354,77,3.2,260,98,3.6,173,83,0,0,0,0,0,0,0,0,0,0,0,0,0,3,3,3,3.5,338,108,3.5,243,82,3.3,148,107,0,0,0,0,0,0,0,0,0,0,0,0,0,3,3,3,2.5,133,100,2.4,214,8,2.6,293,72,0,0,0,0,0,0,0,0,0,0,0,0,0,3,3,0,0,120,91,0,203,95,0,284,13,0,0,0,0,0,0,0,0,0,0,0,0
20251209112308_B_XXXXXXXXXX_TR.jpg,TRUE,0,4,0,5,0,387,66,0,324,50,0,284,33,0,198,31,3.2,134,109,5.2,0,0,7,0,0,0,3,2,3,6.1,331,124,0,216,10,5.3,115,87,6.6,0,0,0,0,0,0,0,0,0,0,0,0,4,1,8,0,67,107,2.1,85,116,0,106,45,0,166,86,2.6,206,44,4.7,275,29,2.4,301,73,0,4,2,2,4.7,99,68,0,319,102,0,0,0,4.7,0,0,0,0,0,0,0,0,0,0,0
20251209112402_A_1003601876_TR.jpg,FALSE,0,3,3,3,5.5,284,113,5.8,212,37,4.6,133,111,0,0,0,0,0,0,0,0,0,0,0,0,0,4,3,3,5.3,307,55,0,228,66,5.2,145,49,3.9,0,0,0,0,0,0,0,0,0,0,0,0,3,2,2,0,209,33,2.5,290,69,5.3,0,0,0,0,0,0,0,0,0,0,0,0,0,0,0,3,3,3,6.4,131,63,6.1,210,36,6,288,27,0,0,0,0,0,0,0,0,0,0,0,0
20251209112443_B_1002995338_TR.jpg,TRUE,0,5,3,7,0,395,97,4.4,331,36,6.6,309,75,0,251,97,8,181,104,1.7,112,104,3.9,79,68,0,3,2,6,5.7,401,63,4.7,321,95,0,238,23,2,177,116,5,127,9,4.2,90,115,3.5,0,0,0,2,2,6,3.2,57,89,4.6,95,113,5.2,190,84,3.8,237,54,5.6,254,118,7.7,327,95,0,0,0,0,4,4,6,6.7,95,116,5.2,169,48,5.2,230,99,6.6,276,117,4.3,307,94,2.5,380,71,0,0,0
20251209112648_A_1003601925_TR.jpg,TRUE,0,3,3,4,6,323,31,4.9,215,15,6.6,198,69,5.3,109,83,0,0,0,0,0,0,0,0,0,0,3,3,5,6.5,397,56,6.9,315,74,5.4,221,44,3.4,205,107,6.6,105,36,0,0,0,0,0,0,0,4,3,3,6.6,141,83,5.6,259,76,0,363,112,5.2,0,0,0,0,0,0,0,0,0,0,0,0,3,2,3,0,112,107,7.3,213,68,5.7,319,12,6.4,0,0,0,0,0,0,0,0,0,0,0
20251209112749_B_1003601875_TR.jpg,TRUE,0,3,3,0,0,392,52,0,297,108,0,212,103,0,140,6,0,0,0,0,0,0,0,0,0,0,3,3,3,4.4,305,93,5.1,223,58,4.4,138,108,0,0,0,0,0,0,0,0,0,0,0,0,0,4,2,4,0,127,110,0,165,69,7.2,200,75,6,275,51,3.6,0,0,2,0,0,0,0,0,0,3,1,3,0,207,90,0,232,93,5.5,281,56,2.2,0,0,4.3,0,0,0,0,0,0,0,0
20251209112844_A_1003601878_TR.jpg,FALSE,0,5,4,5,5.5,345,106,0,257,67,5,190,118,3.2,146,86,4.9,108,7,2.2,0,0,0,0,0,0,4,4,4,4.8,351,65,4.1,263,57,6.3,204,65,4.6,106,58,0,0,0,0,0,0,0,0,0,0,5,0,1,0,398,113,0,0,0,0,0,0,0,0,0,0,0,0,2.4,0,0,0,0,0,0,5,4,4,4.3,125,7,6.6,207,109,6.5,267,90,1.9,352,120,0,0,0,0,0,0,0,0,0
20251209112854_B_1003575105_TR.jpg,FALSE,0,3,2,2,5.3,320,123,5.2,140,29,0,0,0,0,0,0,0,0,0,0,0,0,0,0,0,0,4,2,2,0,313,23,0,141,19,5.2,0,0,4.5,0,0,0,0,0,0,0,0,0,0,0,0,2,2,3,4.6,140,69,5.3,220,61,3.2,309,56,0,0,0,0,0,0,0,0,0,0,0,0,0,3,2,2,0,121,37,4.4,300,31,4.6,0,0,0,0,0,0,0,0,0,0,0,0,0,0
20251209112944_A_1003148596_TR.jpg,FALSE,0,3,3,3,4.1,298,20,3.8,208,74,3.8,122,30,0,0,0,0,0,0,0,0,0,0,0,0,0,3,3,3,4.4,302,54,4.4,212,64,4,116,81,0,0,0,0,0,0,0,0,0,0,0,0,0,3,3,4,5.3,131,54,6,209,86,5.6,296,57,3.4,337,36,0,0,0,0,0,0,0,0,0,0,2,2,3,4.2,115,78,4.3,214,54,4.2,301,75,0,0,0,0,0,0,0,0,0,0,0,0
20251209113328_B_1003601871_TR.jpg,TRUE,0,3,0,2,0,210,32,0,138,78,0,0,0,4.9,0,0,6.9,0,0,0,0,0,0,0,0,0,5,2,6,0,358,30,5,247,88,6.9,188,121,0,143,83,0,103,105,4.1,70,6,2.5,0,0,0,3,0,0,0,234,37,0,0,0,0,0,0,0,0,0,0,0,0,0,0,0,0,0,0,0,3,1,4,0,136,28,3.3,173,93,0,226,105,3,286,88,6.5,0,0,7.6,0,0,0,0,0
20251209113352_A_1003108866_TR.jpg,FALSE,0,4,3,3,5.2,300,81,0,224,67,5.8,120,95,5.9,0,0,0,0,0,0,0,0,0,0,0,0,3,2,3,5.4,304,65,0,216,107,5.5,118,19,5.7,0,0,0,0,0,0,0,0,0,0,0,0,3,3,3,5.8,140,91,6.3,220,94,6.1,318,46,0,0,0,0,0,0,0,0,0,0,0,0,0,3,3,3,5.3,128,73,6.1,238,107,6,337,70,0,0,0,0,0,0,0,0,0,0,0,0
20251209113458_A_XXXXXXXXXX_TR.jpg,TRUE,0,3,3,0,0,341,84,0,306,49,0,257,40,0,214,80,0,166,86,0,113,5,0,87,94,0,3,3,0,0,341,85,0,272,54,0,217,93,0,165,31,0,93,93,0,75,33,0,0,0,0,3,3,7,7.4,87,88,6.1,157,55,3.2,210,26,3.5,265,83,3.4,303,97,5.4,341,81,2.5,372,5,0,3,3,6,8.1,83,97,6.5,115,61,7.5,157,67,5.2,213,60,3.5,269,99,3.3,347,86,0,0,0
20251209113505_B_1003569072_TR.jpg,FALSE,0,3,2,4,5.1,294,58,4.8,250,29,0,184,87,2.9,117,94,2.9,0,0,0,0,0,0,0,0,0,4,2,2,0,216,85,0,125,83,4.5,0,0,4.5,0,0,0,0,0,0,0,0,0,0,0,0,4,3,0,0,140,53,0,220,107,0,302,63,0,0,0,0,0,0,0,0,0,0,0,0,0,3,3,3,6,125,78,5.8,213,103,5.4,301,122,0,0,0,0,0,0,0,0,0,0,0,0
20251209113533_A_1003601213_TR.jpg,FALSE,0,5,4,4,5,336,10,5.4,257,79,0,190,60,4.9,110,75,4.4,0,0,0,0,0,0,0,0,0,4,4,4,5.9,319,59,6,249,42,5.6,178,78,5,93,67,0,0,0,0,0,0,0,0,0,0,4,3,4,4.1,136,56,5,223,67,5,300,58,0,386,94,4.1,0,0,0,0,0,0,0,0,0,4,3,0,0,51,94,0,137,38,0,207,81,0,301,9,0,0,0,0,0,0,0,0,0
20251209113614_B_1003336616_TR.jpg,FALSE,0,3,2,3,0,391,72,3.5,218,112,3.2,134,114,3.1,0,0,0,0,0,0,0,0,0,0,0,0,3,3,4,4.2,395,60,3.8,304,97,3.7,198,15,2.6,111,113,0,0,0,0,0,0,0,0,0,0,3,3,3,3.8,112,99,3.7,204,74,3.2,289,96,0,0,0,0,0,0,0,0,0,0,0,0,0,3,3,3,3.4,110,91,4.2,206,75,3.5,289,36,0,0,0,0,0,0,0,0,0,0,0,0
20251209113859_A_XXXXXXXXXX_TR.jpg,FALSE,0,3,2,4,4.8,379,76,5.7,307,32,0,229,42,3.1,133,83,6.1,0,0,0,0,0,0,0,0,0,3,3,3,5.1,292,67,6.1,195,4,6.1,86,67,0,0,0,0,0,0,0,0,0,0,0,0,0,3,2,2,0,190,80,5.9,286,15,6.4,0,0,0,0,0,0,0,0,0,0,0,0,0,0,0,3,3,3,1.9,131,105,6.1,246,58,8.5,376,73,0,0,0,0,0,0,0,0,0,0,0,0
20251209113915_B_1003590538_TR.jpg,FALSE,0,3,1,2,0,239,84,3.5,156,146,0,0,0,1.9,0,0,0,0,0,0,0,0,0,0,0,0,3,2,2,3.4,343,5,1.8,237,117,0,0,0,0,0,0,0,0,0,0,0,0,0,0,0,0,4,3,3,3.9,103,87,3.9,192,63,0,284,35,7,0,0,0,0,0,0,0,0,0,0,0,0,2,2,3,3.3,114,65,7.3,209,111,4.6,304,76,0,0,0,0,0,0,0,0,0,0,0,0
20251209113935_A_1003601873_TR.jpg,TRUE,0,3,1,4,0,240,113,7.1,188,54,0,170,46,5.3,119,12,5.4,0,0,6.3,0,0,0,0,0,0,3,1,4,0,241,68,7.2,178,83,0,156,76,5.3,136,16,5.2,0,0,7,0,0,0,0,0,0,3,2,4,6,113,62,6.7,198,96,0,256,65,4.9,289,28,6.5,0,0,0,0,0,0,0,0,0,3,1,4,0,113,106,7.2,200,8,0,258,71,7,308,30,5.8,0,0,6.7,0,0,0,0,0
20251209114010_B_1003601869_TR.jpg,FALSE,0,3,3,4,4.4,375,110,4.8,309,78,4.6,222,59,1.8,135,64,0,0,0,0,0,0,0,0,0,0,4,2,4,0,355,13,0,224,59,5.2,139,33,4.9,89,33,3.5,0,0,2.9,0,0,0,0,0,0,3,3,3,5.6,123,65,6.1,213,28,6.2,300,13,0,0,0,0,0,0,0,0,0,0,0,0,0,3,3,4,5.1,121,106,5.2,208,40,5.7,289,19,3.7,336,21,0,0,0,0,0,0,0,0,0
20251209114026_A_1003602084_TR.jpg,TRUE,0,1,1,5,5,377,25,2.7,344,28,4.4,255,7,5.2,187,13,5.2,124,45,0,0,0,0,0,0,0,2,1,3,1.9,237,56,0,124,93,2.4,105,102,2.2,0,0,0,0,0,0,0,0,0,0,0,0,1,1,0,0,78,55,0,103,49,0,193,61,0,318,36,0,0,0,0,0,0,0,0,0,0,2,1,3,2.9,185,101,0,244,98,3.7,297,81,3.1,0,0,0,0,0,0,0,0,0,0,0
20251209114125_B_1003601220_TR.jpg,FALSE,0,2,2,3,2.4,326,106,3.5,181,84,2.2,109,87,0,0,0,0,0,0,0,0,0,0,0,0,0,1,0,0,0,0,0,0,0,0,0,0,0,0,0,0,0,0,0,0,0,0,0,0,0,0,1,0,2,0,108,64,4.6,247,87,3.2,0,0,0,0,0,0,0,0,0,0,0,0,0,0,0,1,0,0,0,0,0,0,0,0,0,0,0,0,0,0,0,0,0,0,0,0,0,0,0
20251209114232_A_1003154847_TR.jpg,TRUE,0,2,1,1,0,177,43,3.5,0,0,0,0,0,0,0,0,0,0,0,0,0,0,0,0,0,0,4,3,4,0,385,21,4,309,59,4.8,218,95,4.6,131,115,10,0,0,0,0,0,0,0,0,0,3,2,3,4.5,117,41,3.8,212,100,0,301,56,3.8,0,0,0,0,0,0,0,0,0,0,0,0,4,2,3,0,211,120,0,244,123,2.3,300,43,3.9,0,0,2.2,0,0,0,0,0,0,0,0
20251209114352_B_1002995339_TR.jpg,TRUE,0,3,2,3,5.3,310,38,0,219,114,4.9,133,103,5,0,0,0,0,0,0,0,0,0,0,0,0,3,3,3,3.7,306,83,4.5,220,11,4.5,129,69,0,0,0,0,0,0,0,0,0,0,0,0,0,5,3,4,0,92,107,4.8,120,78,5.7,207,58,5.3,295,97,0,0,0,2.5,0,0,0,0,0,0,3,2,3,4.9,122,63,0,179,117,5.1,301,105,2.1,0,0,0,0,0,0,0,0,0,0,0
20251209114525_B_1003569073_TR.jpg,FALSE,0,3,2,2,2.5,294,89,0,145,89,2.6,0,0,0,0,0,0,0,0,0,0,0,0,0,0,0,2,2,2,2.9,284,74,2.9,137,35,0,0,0,0,0,0,0,0,0,0,0,0,0,0,0,0,2,0,2,0,142,81,0,283,85,2.2,0,0,2.7,0,0,0,0,0,0,0,0,0,0,0,0,2,1,1,3.5,130,89,0,0,0,0,0,0,0,0,0,0,0,0,0,0,0,0,0,0
20251209114541_A_1003567156_TR.jpg,TRUE,0,4,1,8,8.4,386,100,0,334,70,0,268,105,0,247,114,5.1,202,116,6.5,132,50,5.9,80,17,0,3,1,8,6.4,380,45,0,313,10,0,291,114,2.8,249,106,5,219,50,9.3,179,61,5.3,144,112,0,4,2,4,0,61,110,9.1,115,33,0,179,104,7.4,322,48,4.5,0,0,8.1,0,0,0,0,0,0,3,1,7,0,51,57,0,103,83,8.9,166,94,4.5,212,22,7.9,247,87,8.9,311,95,4.9,364,123
20251209114646_A_1003148597_TR.jpg,TRUE,0,4,2,5,7.5,305,31,8,224,11,0,161,81,0,140,74,4,100,61,2.8,0,0,7.5,0,0,0,4,2,8,0,343,17,0,288,1,8.4,228,5,8.3,213,79,0,164,39,9,137,53,8.3,109,22,0,4,1,0,0,122,3,0,339,26,0,0,0,0,0,0,0,0,0,0,0,0,0,0,0,0,3,1,6,0,96,39,0,152,114,8.9,226,49,7.4,252,105,2.3,302,5,7.9,343,92,8.6,0,0
20251209114915_A_1003602089_TR.jpg,FALSE,0,3,3,3,4.3,285,34,4.4,214,67,4.3,139,79,0,0,0,0,0,0,0,0,0,0,0,0,0,4,3,3,0,283,93,1.9,206,80,3.4,127,94,3.2,0,0,0,0,0,0,0,0,0,0,0,0,3,3,3,4.6,143,72,4.6,217,85,4.6,295,65,0,0,0,0,0,0,0,0,0,0,0,0,0,3,3,0,0,154,6,0,235,84,0,320,19,0,0,0,0,0,0,0,0,0,0,0,0
20251209114937_B_1003540827_TR.jpg,TRUE,0,4,2,5,0,360,90,5.8,273,28,6,191,83,0,101,3,1.6,64,87,2.3,0,0,3.5,0,0,0,4,3,4,4.2,351,88,0,269,89,5.5,187,49,3.4,101,17,5.4,0,0,0,0,0,0,0,0,0,3,3,4,5.2,107,14,6,180,69,6.2,251,53,3,325,42,0,0,0,0,0,0,0,0,0,0,4,4,4,5.8,90,10,6.3,164,78,6.4,235,33,3.1,309,56,0,0,0,0,0,0,0,0,0
20251209115026_A_1003602083_TR.jpg,FALSE,0,3,2,2,5.8,306,80,6.1,216,93,0,0,0,0,0,0,0,0,0,0,0,0,0,0,0,0,3,2,3,5.5,313,38,6.2,217,99,0,57,91,4.5,0,0,0,0,0,0,0,0,0,0,0,0,3,2,3,7,126,32,6.7,218,56,0,376,24,2.4,0,0,0,0,0,0,0,0,0,0,0,0,3,2,3,6.1,123,45,7,213,29,0,367,12,3.2,0,0,0,0,0,0,0,0,0,0,0
20251209115045_B_1003602090_TR.jpg,TRUE,0,3,2,3,4,333,24,5.5,228,20,0,80,58,3.7,0,0,0,0,0,0,0,0,0,0,0,0,0,0,3,3.1,209,55,3.2,58,5,3,42,31,0,0,0,0,0,0,0,0,0,0,0,0,0,5,4,0,m,112,73,0,137,59,0,162,20,0,243,59,0,353,103,0,0,0,0,0,0,0,1,0,0,0,0,0,0,0,0,0,0,0,0,0,0,0,0,0,0,0,0,0,0,0
20251209115335_A_1003601230_TR.jpg,FALSE,0,3,3,5,6.7,390,67,6.9,309,34,6.5,215,29,4.3,127,61,2.9,46,11,0,0,0,0,0,0,0,3,3,3,7.4,297,99,7.3,201,93,6.1,110,63,0,0,0,0,0,0,0,0,0,0,0,0,0,3,2,2,7.1,127,73,7.6,228,71,0,0,0,0,0,0,0,0,0,0,0,0,0,0,0,0,3,3,4,7.4,62,23,7.8,116,88,4.5,216,83,3.3,320,108,0,0,0,0,0,0,0,0,0
20251209115405_B_1003601989_TR.jpg,FALSE,0,3,1,2,0,329,71,4.7,234,91,0,0,0,3,0,0,0,0,0,0,0,0,0,0,0,0,3,1,3,3.9,328,55,0,234,56,0,108,10,3,0,0,5.2,0,0,0,0,0,0,0,0,0,2,0,3,0,114,111,0,226,111,3.3,326,111,3,0,0,4.4,0,0,0,0,0,0,0,0,0,3,1,0,0,320,108,0,0,0,0,0,0,0,0,0,0,0,0,0,0,0,0,0,0
20251209115554_B_1003591117_TR.jpg,TRUE,0,5,4,5,2.4,318,108,4.9,246,89,2.5,175,111,0,121,57,4.7,71,54,5.8,0,0,0,0,0,0,4,4,6,6.3,392,68,5.7,311,57,6.4,237,87,6.5,170,36,2.1,105,47,5.4,54,30,0,0,0,0,5,4,7,6.2,102,17,2.6,126,117,6.3,179,104,0,225,107,6.4,242,81,3,304,105,2.6,372,108,0,4,4,6,6.4,102,86,6.1,173,70,5.9,245,35,6.3,312,54,5.6,366,70,4,386,78,0,0,0
20251209115602_A_1003587092_TR.jpg,TRUE,0,3,3,3,5.3,308,92,4.4,217,100,7,133,52,0,0,0,0,0,0,0,0,0,0,0,0,0,3,1,6,7.6,349,37,0,294,86,0,207,40,2.7,188,106,7.5,95,105,7.6,67,10,7.3,0,0,0,4,2,3,0,140,117,0,220,8,4.5,322,105,2.7,0,0,3.8,0,0,0,0,0,0,0,0,0,3,2,3,7.7,121,96,0,232,80,6.4,329,89,7.7,0,0,0,0,0,0,0,0,0,0,0
20251209115718_B_1003136143_TR.jpg,FALSE,0,2,1,2,2.5,373,100,0,190,110,8.4,0,0,0,0,0,0,0,0,0,0,0,0,0,0,0,3,0,0,0,0,0,0,0,0,0,0,0,0,0,0,0,0,0,0,0,0,0,0,0,0,4,2,4,0,41,26,0,189,91,2.4,234,76,2.5,303,116,7.9,0,0,2.3,0,0,0,0,0,0,2,1,2,0,180,114,2.4,227,122,2.1,0,0,0,0,0,0,0,0,0,0,0,0,0,0
20251209115731_A_1003561139_TR.jpg,FALSE,0,4,3,4,4.6,314,57,5.9,210,25,5.7,140,38,0,46,83,3.7,0,0,0,0,0,0,0,0,0,3,3,4,3.7,281,69,4.6,202,60,5.6,129,45,4,82,55,0,0,0,0,0,0,0,0,0,0,4,4,4,3.1,107,63,4.2,191,59,4.7,253,36,4.9,338,68,0,0,0,0,0,0,0,0,0,0,3,3,4,2.9,125,84,3.6,214,54,4.8,285,12,3.2,332,73,0,0,0,0,0,0,0,0,0
20251209115821_B_1002288784_TR.jpg,FALSE,0,4,3,3,6.1,356,14,7.3,271,99,7.1,190,19,0,0,0,0,0,0,0,0,0,0,0,0,0,4,3,3,6,380,46,5.7,294,107,7.1,205,94,0,0,0,0,0,0,0,0,0,0,0,0,0,4,3,3,6.4,91,74,7.6,165,68,7.3,244,62,0,0,0,0,0,0,0,0,0,0,0,0,0,4,3,3,7.6,97,85,7.8,176,43,8.8,252,47,0,0,0,0,0,0,0,0,0,0,0,0
20251209115854_A_1003596337_TR.jpg,FALSE,0,3,2,2,0,224,40,2.6,138,11,2.5,0,0,0,0,0,0,0,0,0,0,0,0,0,0,0,4,1,1,0,132,124,0,0,0,0,0,0,3.5,0,0,0,0,0,0,0,0,0,0,0,0,3,1,1,2.8,132,101,0,0,0,0,0,0,0,0,0,0,0,0,0,0,0,0,0,0,0,4,0,0,0,0,0,0,0,0,0,0,0,0,0,0,0,0,0,0,0,0,0,0,0
20251209115933_B_1002288794_TR.jpg,FALSE,0,3,0,2,0,307,79,0,130,7,0,0,0,4.6,0,0,5,0,0,0,0,0,0,0,0,0,3,0,0,0,0,0,0,0,0,0,0,0,0,0,0,0,0,0,0,0,0,0,0,0,0,3,2,2,0,218,19,7.5,311,54,7,0,0,0,0,0,0,0,0,0,0,0,0,0,0,0,4,2,2,0,215,77,5.3,308,33,5.1,0,0,0,0,0,0,0,0,0,0,0,0,0,0
20251209130023_A_1003601219_TR.jpg,TRUE,0,4,2,4,7.8,337,71,0,298,110,0,224,72,4.1,84,6,4.2,0,0,2.7,0,0,0,0,0,0,2,1,2,6.5,344,84,0,212,120,2.3,0,0,0,0,0,0,0,0,0,0,0,0,0,0,0,3,2,6,m,95,20,0,114,113,0,132,72,2.6,211,113,5.1,311,110,2.3,355,92,4.2,0,0,0,2,2,3,3.2,167,119,4.4,199,81,4,330,141,0,0,0,0,0,0,0,0,0,0,0,0
20251209130120_A_1003591124_TR.jpg,TRUE,0,3,2,5,5.7,362,36,5.3,299,65,0,233,54,2.6,174,78,5.3,109,83,5.8,0,0,0,0,0,0,1,0,4,0,283,21,4.2,212,82,3.9,148,25,4.2,51,87,3.6,0,0,0,0,0,0,0,0,0,3,2,6,0,34,85,5.6,132,5,1.9,197,62,2.5,255,78,5.6,302,61,5.8,323,27,4.5,0,0,0,2,2,6,4.5,67,47,4.5,93,40,2.7,158,38,3,227,85,4.2,295,38,3,385,42,0,0,0
20251209130121_B_1002288783_TR.jpg,FALSE,0,4,3,4,7.3,332,26,6.4,253,90,6.2,185,98,0,107,112,6.8,0,0,0,0,0,0,0,0,0,4,4,4,5.6,347,30,5.6,264,109,6.4,189,98,6.3,103,94,0,0,0,0,0,0,0,0,0,0,4,4,4,7.1,93,67,6.6,175,97,6.1,248,112,5.9,323,96,0,0,0,0,0,0,0,0,0,0,4,4,4,7,89,119,6.6,172,108,6.3,245,22,6.1,326,69,0,0,0,0,0,0,0,0,0
20251209130237_B_1002288781_TR.jpg,FALSE,0,3,3,0,0,399,9,0,345,82,0,249,49,0,148,98,0,0,0,0,0,0,0,0,0,0,3,2,3,7.6,338,102,0,231,104,4.4,137,79,4.9,0,0,0,0,0,0,0,0,0,0,0,0,3,3,3,3.8,143,103,4.1,238,8,4.8,333,58,0,0,0,0,0,0,0,0,0,0,0,0,0,3,3,3,3.6,133,45,4,222,43,4.9,311,76,0,0,0,0,0,0,0,0,0,0,0,0
20251209130311_A_1003445464_TR.jpg,TRUE,0,4,4,5,5.7,359,69,7,329,23,6.3,247,42,6.2,173,26,3.6,91,26,0,0,0,0,0,0,0,4,2,4,0,316,87,5,229,17,6,144,82,0,80,86,4.9,0,0,4.2,0,0,0,0,0,0,4,2,5,3.9,91,72,0,158,34,6.5,180,81,0,202,31,2,248,59,3.1,337,80,4.2,0,0,0,5,4,5,5.9,91,73,4.6,179,79,6,251,35,5.7,304,10,0,334,71,2.5,0,0,0,0,0
20251209130345_B_1003363944_TR.jpg,TRUE,0,3,2,2,3.7,322,65,6.5,256,32,0,0,0,0,0,0,0,0,0,0,0,0,0,0,0,0,3,2,5,4.1,382,67,7.4,283,101,0,216,36,5.8,74,55,3.3,47,58,3.2,0,0,0,0,0,0,4,3,5,6.6,135,12,7.2,198,65,2.4,256,100,0,319,66,4.9,356,75,1.7,0,0,0,0,0,0,3,3,4,6.3,141,88,6.7,213,35,7,281,38,4.5,346,60,0,0,0,0,0,0,0,0,0
20251209130434_A_XXXXXXXXXX_TR.jpg,TRUE,0,4,4,6,5.1,395,37,5.5,313,79,5.4,232,31,5.3,152,63,7.2,83,76,7.3,66,61,0,0,0,0,4,4,4,5,343,45,5.6,257,68,5.7,181,32,5.3,95,41,0,0,0,0,0,0,0,0,0,0,4,4,5,5.5,97,28,6.1,194,5,6.9,278,60,6.4,343,78,3,359,85,0,0,0,0,0,0,0,5,4,5,6,32,55,0,137,72,5.9,213,59,5.7,304,61,6.2,365,36,3,0,0,0,0,0
20251209130502_B_9999855490_TR.jpg,FALSE,0,4,4,4,4.6,357,62,5,272,74,5,186,30,3.2,104,81,0,0,0,0,0,0,0,0,0,0,4,4,4,5.7,339,16,6.2,253,89,5.8,158,22,5.5,74,31,0,0,0,0,0,0,0,0,0,0,4,4,4,4.9,78,48,4.8,167,47,4.8,237,14,2.3,323,6,0,0,0,0,0,0,0,0,0,0,4,4,4,4.7,81,32,6,164,29,5.9,255,78,4.9,344,85,0,0,0,0,0,0,0,0,0
20251209130518_A_9999855463_TR.jpg,FALSE,0,4,4,5,5.2,369,72,5.6,312,34,5.8,230,51,7.1,169,22,2.2,93,53,0,0,0,0,0,0,0,4,4,4,5.7,307,57,6.4,226,92,6.5,160,14,6.9,76,23,0,0,0,0,0,0,0,0,0,0,4,4,4,6,131,20,6.2,213,55,6.8,288,94,6.3,376,50,0,0,0,0,0,0,0,0,0,0,4,4,5,5.3,61,59,6.4,111,22,6.4,200,102,6.1,278,12,4.1,368,100,0,0,0,0,0,0
20251209130625_A_XXXXXXXXXX_TR.jpg,FALSE,0,4,3,4,4.9,337,50,5,265,63,0,189,83,5.2,97,18,5.3,0,0,0,0,0,0,0,0,0,4,3,3,0,247,35,5.2,170,52,5.4,79,76,4.8,0,0,0,0,0,0,0,0,0,0,0,0,5,3,4,0,94,86,5.5,156,31,5.3,231,82,0,313,79,3.5,0,0,4.6,0,0,0,0,0,0,4,1,2,5.6,110,43,0,191,105,0,0,0,0,0,0,6,0,0,0,0,0,0,0,0
20251209130647_B_1003602060_TR.jpg,TRUE,0,5,3,5,5.3,369,28,0,317,78,6.5,198,74,0,118,88,6.2,59,72,2.5,0,0,2.5,0,0,0,4,3,5,5.3,367,56,0,317,19,2.1,187,93,5.4,110,79,2.6,64,36,2.9,0,0,0,0,0,0,3,3,5,5.7,50,46,3.1,113,91,6.3,198,81,2.8,315,28,3.4,366,72,0,0,0,0,0,0,0,4,2,5,5.3,103,43,0,187,97,5.7,296,38,0,339,91,2.3,366,15,3.4,0,0,1.9,0,0
20251209130802_B_1003440952_TR.jpg,TRUE,0,4,3,4,2.8,368,49,6.6,289,57,8.1,205,90,0,72,67,6.3,0,0,0,0,0,0,0,0,0,4,2,3,0,286,106,0,191,72,7.5,99,57,2.6,0,0,7.2,0,0,0,0,0,0,0,0,0,5,3,6,0,84,81,8.4,161,65,m,221,75,0,237,66,0,264,82,2.4,302,83,1.9,0,0,0,4,2,4,0,32,44,8,84,36,7.7,162,41,0,251,71,3.8,0,0,5.6,0,0,0,0,0
20251209130834_A_1003592534_TR.jpg,FALSE,0,4,2,3,0,323,95,6.8,248,91,6.2,178,42,0,0,0,5,0,0,0,0,0,0,0,0,0,4,3,3,0,249,46,4.7,176,80,6.2,95,9,5.5,0,0,0,0,0,0,0,0,0,0,0,0,5,3,3,0,176,91,5.1,243,86,4.7,321,93,0,0,0,3.4,0,0,0,0,0,0,0,0,0,5,2,2,0,167,92,5.2,233,35,0,0,0,4.1,0,0,0,0,0,0,0,0,0,0,0
20251209130916_B_1003344163_TR.jpg,TRUE,0,4,4,4,3.7,332,80,5.2,249,83,5.4,200,26,2.9,122,63,0,0,0,0,0,0,0,0,0,0,5,3,3,0,324,102,3.2,197,25,0,113,73,6.8,0,0,4,0,0,0,0,0,0,0,0,0,4,4,4,4.2,114,96,5,189,75,5.2,239,46,3.6,315,23,0,0,0,0,0,0,0,0,0,0,5,4,5,0,104,80,5.1,142,108,6.7,185,50,6.4,238,88,5.3,322,102,2.5,0,0,0,0,0
20251209130949_A_1003344162_TR.jpg,TRUE,0,4,2,8,7.3,372,60,6.4,328,33,0,295,16,0,234,54,5.4,196,38,7.9,133,76,6.5,101,62,0,4,1,7,0,346,103,6.7,322,74,0,238,102,0,196,88,4.3,137,122,7.7,108,103,7.1,84,87,0,4,2,6,0,89,32,0,121,57,7.9,148,66,7.1,256,51,5.7,305,10,8.1,341,123,7.7,0,0,0,4,1,5,0,83,41,0,149,76,7.3,251,58,0,309,26,5.8,373,65,7.1,0,0,8.6,0,0
20251209131040_B_1003569659_TR.jpg,FALSE,0,3,3,3,5.7,292,86,5.8,209,76,3.4,136,112,0,0,0,0,0,0,0,0,0,0,0,0,0,3,3,3,6,297,109,5.8,210,116,4.3,125,111,0,0,0,0,0,0,0,0,0,0,0,0,0,4,3,3,6.3,137,80,6.1,213,52,6.1,290,28,0,0,0,0,0,0,0,0,0,0,0,0,0,3,3,3,6.4,125,74,5.8,212,42,5.8,301,37,0,0,0,0,0,0,0,0,0,0,0,0
20251209131052_A_1003601221_TR.jpg,TRUE,0,3,3,3,8.5,320,104,8.8,215,98,8.3,117,97,0,0,0,0,0,0,0,0,0,0,0,0,0,3,2,4,5.6,311,103,0,217,111,8.7,183,111,2,100,106,2.3,0,0,0,0,0,0,0,0,0,3,2,2,3.7,116,119,0,315,91,8.3,0,0,0,0,0,0,0,0,0,0,0,0,0,0,0,3,1,4,0,112,106,7.2,185,104,0,216,76,4.8,231,100,2,0,0,1.3,0,0,0,0,0
20251209131158_A_1003601325_TR.jpg,FALSE,0,3,3,4,3.6,313,82,2.9,243,80,3.3,181,76,2.7,104,84,0,0,0,0,0,0,0,0,0,0,4,4,4,3.5,309,40,2,222,50,2.7,156,85,3,68,103,0,0,0,0,0,0,0,0,0,0,3,2,5,5.3,48,21,5.7,105,81,0,170,54,2.4,238,70,5.8,308,6,5.8,0,0,0,0,0,0,5,4,4,3.6,130,100,3.6,214,88,3.5,288,103,0,380,76,3.3,0,0,0,0,0,0,0,0
20251209131205_B_1003306783_TR.jpg,FALSE,0,3,0,0,0,0,0,0,0,0,0,0,0,0,0,0,0,0,0,0,0,0,0,0,0,0,4,0,1,0,177,11,0,0,0,0,0,0,0,0,0,5.9,0,0,0,0,0,0,0,0,0,3,0,2,0,253,14,0,356,81,0,0,0,6.1,0,0,3.4,0,0,0,0,0,0,0,0,0,2,1,2,0,236,13,7.4,290,65,6,0,0,0,0,0,0,0,0,0,0,0,0,0,0
20251209131306_B_1003589075_TR.jpg,FALSE,0,4,4,4,4.7,317,27,4.1,250,69,3.4,192,71,3.9,123,72,0,0,0,0,0,0,0,0,0,0,4,3,4,5.1,308,40,0,236,7,3.6,174,40,4.3,102,45,4.5,0,0,0,0,0,0,0,0,0,4,4,4,5.2,105,13,3.8,173,80,3.1,233,62,4.2,305,32,0,0,0,0,0,0,0,0,0,0,4,3,4,0,100,2,4.1,168,57,3.6,228,22,4.7,303,67,5.7,0,0,0,0,0,0,0,0
20251209131316_A_1003569658_TR.jpg,FALSE,0,3,3,3,5.8,286,104,6.4,208,60,6.4,130,37,0,0,0,0,0,0,0,0,0,0,0,0,0,3,2,2,2.2,274,105,6.9,197,113,0,0,0,0,0,0,0,0,0,0,0,0,0,0,0,0,3,3,3,2.4,127,61,5.8,198,29,5.8,279,64,0,0,0,0,0,0,0,0,0,0,0,0,0,4,2,2,0,178,112,5.8,257,9,6.1,0,0,0,0,0,0,0,0,0,0,0,0,0,0
20251209131417_A_1003593107_TR.jpg,FALSE,0,3,3,3,6.5,274,35,6.4,187,123,5.8,102,77,0,0,0,0,0,0,0,0,0,0,0,0,0,4,3,3,4.2,307,16,5.8,219,81,0,137,20,5.5,0,0,0,0,0,0,0,0,0,0,0,0,4,3,3,5.1,128,95,6.4,207,74,6.2,285,75,0,0,0,0,0,0,0,0,0,0,0,0,0,4,3,4,6.3,34,110,6.1,126,62,5.8,203,89,0,282,60,2.8,0,0,0,0,0,0,0,0
20251209131426_B_1003574756_TR.jpg,TRUE,0,4,3,6,4.3,370,83,0,347,90,3.8,303,57,5.1,274,11,3.4,209,109,3,131,117,3.5,0,0,0,2,2,2,2,292,44,2.4,111,43,0,0,0,0,0,0,0,0,0,0,0,0,0,0,0,0,3,2,4,0,137,53,5.4,216,104,5,298,29,3.8,357,29,2.9,0,0,0,0,0,0,0,0,0,3,2,3,0,180,100,3.6,252,148,2.6,333,143,2.9,0,0,0,0,0,0,0,0,0,0,0
20251209132026_A_1003601212_TR.jpg,FALSE,0,4,3,3,4,382,48,5.9,296,106,5.8,209,97,0,0,0,0,0,0,0,0,0,0,0,0,0,4,3,3,4.8,357,76,4.9,275,52,4.9,194,77,0,0,0,0,0,0,0,0,0,0,0,0,0,4,2,4,0,54,9,5.5,175,30,5.1,243,84,0,315,89,3.4,0,0,5.7,0,0,0,0,0,0,5,2,3,0,224,73,4.4,311,103,4.6,397,106,0,0,0,0,0,0,2.5,0,0,0,0,0
20251209132051_B_1003406253_TR.jpg,TRUE,0,0,0,0,0,0,0,0,0,0,0,0,0,0,0,0,0,0,0,0,0,0,0,0,0,0,0,0,0,0,0,0,0,0,0,0,0,0,0,0,0,0,0,0,0,0,0,0,0,0,0,1,0,2,0,134,68,2.1,184,92,2,0,0,0,0,0,0,0,0,0,0,0,0,0,0,0,0,0,1,2,149,74,0,0,0,0,0,0,0,0,0,0,0,0,0,0,0,0,0,0
20251209132152_A_1003440907_TR.jpg,FALSE,0,5,0,1,0,285,77,0,0,0,0,0,0,0,0,0,0,0,0,2.5,0,0,0,0,0,0,4,0,0,0,0,0,0,0,0,0,0,0,0,0,0,0,0,0,0,0,0,0,0,0,0,5,1,1,0,139,77,2.6,0,0,0,0,0,0,0,0,0,0,0,0,0,0,0,0,0,0,4,2,2,0,218,84,0,284,100,4.3,0,0,2.5,0,0,0,0,0,0,0,0,0,0,0
20251209132207_B_1003225286_TR.jpg,TRUE,0,4,2,3,6.2,310,74,0,105,42,0,41,88,5.8,0,0,2.9,0,0,0,0,0,0,0,0,0,4,3,4,5.4,306,40,6.2,229,19,0,177,11,5.8,97,19,3.7,0,0,0,0,0,0,0,0,0,4,3,5,6.4,101,48,0,161,74,7.8,175,81,6.6,225,56,2.5,296,71,2.7,0,0,0,0,0,0,4,2,2,6.3,99,43,0,320,10,0,0,0,6.3,0,0,0,0,0,0,0,0,0,0,0
20251209132255_A_1003569660_TR.jpg,TRUE,0,4,4,5,6.6,303,75,6.6,234,53,6.9,172,62,6.8,105,10,4.4,35,4,0,0,0,0,0,0,0,4,4,5,6.2,301,5,6.5,232,11,6.5,165,93,6.3,115,95,3.6,99,86,0,0,0,0,0,0,0,4,4,4,6.8,128,35,7,202,26,6.8,264,95,6.3,337,95,0,0,0,0,0,0,0,0,0,0,4,4,4,6.7,124,92,7.1,197,56,7.2,263,83,6.2,336,88,0,0,0,0,0,0,0,0,0
20251209132333_B_1002309089_TR.jpg,FALSE,0,3,1,1,0,222,105,6.9,0,0,0,0,0,0,0,0,0,0,0,0,0,0,0,0,0,0,4,2,4,0,398,30,0,283,112,6.7,200,100,5.9,112,111,2.7,0,0,6.7,0,0,0,0,0,0,3,2,2,0,199,92,5.8,277,88,6,0,0,0,0,0,0,0,0,0,0,0,0,0,0,0,4,2,2,0,215,115,7.3,308,73,0,0,0,5.7,0,0,0,0,0,0,0,0,0,0,0
20251209132449_A_1003593108_TR.jpg,TRUE,0,2,2,2,3.1,305,91,2,203,109,0,0,0,0,0,0,0,0,0,0,0,0,0,0,0,0,1,1,4,3.8,390,6,4,327,67,4.4,224,62,3.8,100,49,0,0,0,0,0,0,0,0,0,0,2,1,7,3.4,68,10,0,96,94,2.2,112,36,2.3,152,116,2.7,172,17,2.6,215,103,2,248,49,0,0,0,4,2.3,46,44,3.6,149,77,3.5,177,46,4.1,228,64,0,0,0,0,0,0,0,0,0
20251209132623_A_1002309090_TR.jpg,FALSE,0,4,4,5,4.7,368,14,5.4,291,78,5.7,216,14,9.3,149,56,2.2,81,52,0,0,0,0,0,0,0,4,4,4,3.9,269,20,4.8,194,51,4.5,123,8,6.6,39,28,0,0,0,0,0,0,0,0,0,0,5,4,4,0,118,65,4.7,189,13,5,252,79,4.5,325,21,4.4,0,0,0,0,0,0,0,0,0,4,4,5,5.5,115,14,5.7,189,78,5.4,254,31,5.3,325,60,3.9,391,8,0,0,0,0,0,0
20251209132644_B_1003601217_TR.jpg,FALSE,0,3,0,0,0,0,0,0,0,0,0,0,0,0,0,0,0,0,0,0,0,0,0,0,0,0,3,0,3,0,327,64,0,177,53,0,103,38,8.1,0,0,8.7,0,0,7.6,0,0,0,0,0,0,3,0,1,0,337,81,0,0,0,0,0,0,8.6,0,0,0,0,0,0,0,0,0,0,0,0,4,1,3,0,117,22,0,250,33,8.7,305,84,0,0,0,8.1,0,0,7.9,0,0,0,0,0
20251209132934_A_XXXXXXXXXX_TR.jpg,TRUE,0,2,0,5,0,396,87,0,354,14,3.7,226,107,3.6,205,99,3.9,140,44,4.1,0,0,5.9,0,0,0,2,0,3,0,237,25,0,187,86,4.4,110,39,5,0,0,6.2,0,0,0,0,0,0,0,0,0,1,0,4,0,204,77,2.5,226,97,5.5,279,7,7.6,304,66,6,0,0,0,0,0,0,0,0,0,2,0,2,0,237,62,0,286,43,5.3,0,0,7.5,0,0,0,0,0,0,0,0,0,0,0
20251209132954_B_1003590472_TR.jpg,TRUE,0,2,2,3,3.5,308,104,5.2,222,102,6.4,130,94,0,0,0,0,0,0,0,0,0,0,0,0,0,3,3,3,3,367,22,2.7,231,14,4.1,93,102,0,0,0,0,0,0,0,0,0,0,0,0,0,3,2,6,6.4,123,71,7.3,175,100,0,213,10,12.8,302,103,6.3,351,104,2.9,0,0,2.9,0,0,0,4,2,2,3.3,77,60,0,328,94,5.7,0,0,0,0,0,0,0,0,0,0,0,0,0,0
20251209133007_A_1002309088_TR.jpg,FALSE,0,3,3,3,3.2,311,54,5,220,5,4,132,76,0,0,0,0,0,0,0,0,0,0,0,0,0,3,3,3,4.3,326,94,4.8,229,116,4.4,138,105,0,0,0,0,0,0,0,0,0,0,0,0,0,3,2,2,5.1,131,102,5.6,217,7,0,0,0,0,0,0,0,0,0,0,0,0,0,0,0,0,3,3,3,5.1,116,124,5.9,205,41,5.4,290,80,0,0,0,0,0,0,0,0,0,0,0,0
20251209133105_A_1003526038_TR.jpg,FALSE,0,4,4,4,7.8,320,76,7.2,244,30,7.3,157,68,7.5,65,34,0,0,0,0,0,0,0,0,0,0,3,3,3,7.7,306,46,7.3,215,36,7.2,111,55,0,0,0,0,0,0,0,0,0,0,0,0,0,4,3,3,7.6,99,5,7.2,171,38,7.1,251,7,0,0,0,0,0,0,0,0,0,0,0,0,0,4,3,3,7.5,93,53,7.5,168,74,7.3,251,79,0,0,0,0,0,0,0,0,0,0,0,0
20251209133133_B_1003525927_TR.jpg,TRUE,0,4,2,3,4.2,294,62,7.2,177,73,0,110,97,0,0,0,4.9,0,0,0,0,0,0,0,0,0,0,0,3,9.6,296,51,7,183,19,6.2,115,90,0,0,0,0,0,0,0,0,0,0,0,0,0,3,3,4,6.7,116,85,7.7,190,69,7.4,233,91,5.5,297,43,0,0,0,0,0,0,0,0,0,0,3,1,5,4.8,79,14,0,113,90,0,152,57,3.9,197,62,5.5,328,104,1.7,0,0,6.6,0,0
20251209133225_A_1003601218_TR.jpg,TRUE,0,3,2,4,7.9,308,89,0,201,114,8,156,80,3.8,110,44,3.4,0,0,0,0,0,0,0,0,0,3,1,4,0,278,51,0,201,122,5.1,177,90,4.8,114,71,7,0,0,5.1,0,0,0,0,0,0,3,3,5,7.9,110,103,5.3,217,91,9.3,246,56,2.8,300,96,2.9,318,116,0,0,0,0,0,0,0,5,0,3,0,139,27,0,244,2,0,352,121,0,0,0,0,0,0,5,0,0,2.4,0,0
20251209133253_B_1003217876_TR.jpg,FALSE,0,4,2,3,0,261,86,4.2,186,12,3.7,124,89,0,0,0,3.8,0,0,0,0,0,0,0,0,0,4,2,2,0,259,23,5.7,183,50,5.3,0,0,0,0,0,0,0,0,0,0,0,0,0,0,0,4,3,3,5,104,68,4.9,174,38,4.9,244,45,0,0,0,0,0,0,0,0,0,0,0,0,0,4,3,3,4.9,102,38,4.6,170,85,4.4,247,4,0,0,0,0,0,0,0,0,0,0,0,0
20251209133330_A_1003515042_TR.jpg,TRUE,0,4,3,3,0,253,73,8.1,178,76,8.2,120,32,6,0,0,0,0,0,0,0,0,0,0,0,0,4,4,4,3.2,310,10,6.6,240,94,8,168,46,3.3,106,85,0,0,0,0,0,0,0,0,0,0,5,3,7,2.5,75,72,7.9,95,79,2.2,161,72,0,222,78,0,243,78,2.4,256,56,2.2,275,75,0,5,3,7,2.4,92,35,7.7,113,89,5,160,61,0,196,71,0,210,42,3.5,229,78,2,245,68
20251209133423_B_1003525887_TR.jpg,TRUE,0,4,3,5,0,369,55,5.8,336,49,5.6,250,51,6.4,165,94,2.8,95,23,2.6,0,0,0,0,0,0,4,3,4,0,365,64,5.4,256,46,5.2,174,86,3.4,91,94,3.8,0,0,0,0,0,0,0,0,0,4,3,5,0,69,54,6,171,42,5.4,252,87,6.5,327,44,3.3,371,78,3.2,0,0,0,0,0,0,4,4,5,5.1,74,55,5.5,106,100,5.5,182,61,4,268,87,2.6,343,96,0,0,0,0,0,0
20251209133456_A_1003601216_TR.jpg,FALSE,0,1,0,0,0,0,0,0,0,0,0,0,0,0,0,0,0,0,0,0,0,0,0,0,0,0,2,0,0,0,0,0,0,0,0,0,0,0,0,0,0,0,0,0,0,0,0,0,0,0,0,3,3,0,0,143,97,0,226,104,0,293,30,0,313,81,0,0,0,0,0,0,0,0,0,0,0,0,0,0,0,0,0,0,0,0,0,0,0,0,0,0,0,0,0,0,0,0,0,0
20251209133536_B_1002309087_TR.jpg,FALSE,0,3,3,4,3.3,357,72,7,295,79,6.4,201,73,3.1,118,55,0,0,0,0,0,0,0,0,0,0,4,3,3,6.8,294,60,0,204,12,7.6,110,45,6.3,0,0,0,0,0,0,0,0,0,0,0,0,3,3,3,6.7,145,46,7.3,234,15,6.6,324,63,0,0,0,0,0,0,0,0,0,0,0,0,0,3,3,3,5.7,135,103,7.1,228,15,7.5,327,89,0,0,0,0,0,0,0,0,0,0,0,0
20251209133617_A_1003525885_TR.jpg,TRUE,0,4,4,4,6.9,332,41,6.8,243,81,6.9,182,83,7,95,65,0,0,0,0,0,0,0,0,0,0,4,3,3,4.7,345,78,0,212,45,6.8,123,55,6.1,0,0,0,0,0,0,0,0,0,0,0,0,4,4,6,7.4,92,85,7.3,180,41,7.5,235,64,7.3,325,30,6.1,358,10,4.7,381,5,0,0,0,0,4,3,3,6.2,109,33,6.7,173,55,7,237,23,0,0,0,0,0,0,0,0,0,0,0,0
20251209133652_B_1003217877_TR.jpg,TRUE,0,2,1,5,0,373,45,8,336,3,9.2,251,36,8,177,77,8.4,73,63,6.9,0,0,0,0,0,0,2,1,6,0,353,78,8.1,312,26,7,244,52,7.1,178,60,7.9,80,37,5,53,45,8.1,0,0,0,3,3,7,0,74,32,8.4,109,87,m,178,32,7,241,51,8,301,87,8.7,320,79,2.5,364,66,0,1,1,6,9.1,50,64,6.3,84,58,5.1,169,30,8.7,248,84,5.7,320,27,7.3,376,15,0,0,0
20251209133740_A_1003472095_TR.jpg,TRUE,0,4,3,4,2.6,313,57,0,255,86,6.4,191,12,6.7,108,73,7.1,0,0,0,0,0,0,0,0,0,4,3,3,5.3,316,13,5.7,252,64,5.6,190,62,0,0,0,0,0,0,0,0,0,0,0,0,0,4,3,6,4.9,129,91,2.8,177,99,3.3,206,27,0,220,98,2.6,272,83,1.8,290,69,3.3,0,0,0,4,4,4,6,103,23,6,167,64,6,233,21,5.9,324,7,0,0,0,0,0,0,0,0,0
20251209133850_A_1003601215_TR.jpg,FALSE,0,1,1,2,3.6,170,71,2.6,119,95,0,0,0,0,0,0,0,0,0,0,0,0,0,0,0,0,1,0,1,0,115,107,4,0,0,0,0,0,0,0,0,0,0,0,0,0,0,0,0,0,0,0,0,2,3.6,283,11,4.4,337,113,0,0,0,0,0,0,0,0,0,0,0,0,0,0,0,0,1,1,2,4.1,253,33,3.7,306,56,0,0,0,0,0,0,0,0,0,0,0,0,0,0,0
20251209133935_B_1003525884_TR.jpg,TRUE,0,3,3,4,5.8,342,75,5.3,265,43,5.1,189,72,5.5,113,73,0,0,0,0,0,0,0,0,0,0,4,4,5,7.1,346,43,5.8,263,50,5.1,185,48,5.2,145,65,3.3,108,25,0,0,0,0,0,0,0,0,0,0,0,87,81,0,124,3,0,162,47,0,238,20,0,312,53,0,355,82,0,367,13,0,0,0,0,0,33,22,0,95,72,0,172,82,0,246,64,0,325,75,0,0,0,0,0,0
20251209134138_B_1002867136_TR.jpg,FALSE,0,3,3,3,4.6,304,93,3.8,219,38,4.7,124,13,0,0,0,0,0,0,0,0,0,0,0,0,0,3,3,3,5.5,309,68,5,209,97,5.5,123,89,0,0,0,0,0,0,0,0,0,0,0,0,0,3,3,0,0,62,75,0,125,48,0,217,63,0,274,59,0,304,93,0,364,27,0,0,0,0,4,3,3,4.8,127,51,5.2,228,68,0,324,56,6.4,0,0,0,0,0,0,0,0,0,0,0
20251209134153_A_1003589073_TR.jpg,TRUE,0,4,2,3,7.2,372,64,0,328,6,8.3,172,84,0,0,0,3.6,0,0,0,0,0,0,0,0,0,4,2,2,7.3,286,65,0,123,6,0,0,0,2.9,0,0,0,0,0,0,0,0,0,0,0,0,4,3,4,4,40,91,5.8,89,8,8,176,14,0,243,78,2.8,0,0,0,0,0,0,0,0,0,3,3,3,7.4,102,114,7,227,33,9,309,21,0,0,0,0,0,0,0,0,0,0,0,0
20251209134252_B_1003599361_TR.jpg,FALSE,0,3,3,3,4.4,308,15,5.3,215,81,5.5,131,113,0,0,0,0,0,0,0,0,0,0,0,0,0,3,2,2,0,218,27,5.4,128,98,5.2,0,0,0,0,0,0,0,0,0,0,0,0,0,0,0,3,3,3,4,135,6,6.1,224,70,4.3,306,30,0,0,0,0,0,0,0,0,0,0,0,0,0,3,2,2,0,210,79,5.7,299,99,5.1,0,0,0,0,0,0,0,0,0,0,0,0,0,0
20251209134307_A_1003601224_TR.jpg,TRUE,0,2,2,3,8.2,391,6,7.9,254,97,7.6,115,115,0,0,0,0,0,0,0,0,0,0,0,0,0,2,2,2,8.5,250,20,8.4,112,78,0,0,0,0,0,0,0,0,0,0,0,0,0,0,0,0,3,3,4,8.2,118,25,8.2,207,76,7.6,263,69,2.8,296,65,0,0,0,0,0,0,0,0,0,0,3,3,4,8.3,123,47,8.7,217,20,7.9,271,10,3.5,309,33,0,0,0,0,0,0,0,0,0
20251209134356_B_1003589076_TR.jpg,TRUE,0,4,4,6,5.2,344,38,5.6,268,32,5,197,31,5.4,128,57,3.2,84,84,3.8,72,4,0,0,0,0,4,4,5,6.4,368,7,7.6,327,71,7,254,55,7.1,179,57,5.2,106,3,0,0,0,0,0,0,0,4,4,4,4.9,116,72,5,183,28,4.9,251,50,5.8,315,30,0,0,0,0,0,0,0,0,0,0,4,4,6,6.6,33,24,6.8,105,38,6.6,178,28,6,251,37,3.5,324,68,5.4,361,63,0,0,0
20251209134425_A_1003607208_TR.jpg,FALSE,0,5,3,3,3.5,302,52,3.7,215,103,2.8,127,23,0,0,0,0,0,0,0,0,0,0,0,0,0,3,3,3,6.5,301,29,6.1,204,77,5.3,108,40,0,0,0,0,0,0,0,0,0,0,0,0,0,4,3,3,4.1,123,56,4.3,201,59,2.9,278,95,0,0,0,0,0,0,0,0,0,0,0,0,0,3,3,3,5.9,128,107,6.1,212,72,5.9,309,82,0,0,0,0,0,0,0,0,0,0,0,0
20251209134526_A_1003601290_TR.jpg,FALSE,0,3,3,3,4.7,315,50,4.7,225,38,4,136,79,0,0,0,0,0,0,0,0,0,0,0,0,0,4,3,3,0,303,13,4.9,216,100,5.2,127,88,4.2,0,0,0,0,0,0,0,0,0,0,0,0,3,3,4,5.7,42,5,5.7,115,89,5.5,200,79,3.7,289,73,0,0,0,0,0,0,0,0,0,0,3,3,3,5.9,106,79,5.7,196,100,5,289,42,0,0,0,0,0,0,0,0,0,0,0,0
20251209134537_B_1003569553_TR.jpg,FALSE,0,5,2,2,0,304,79,5.3,167,117,0,0,0,4.1,0,0,0,0,0,0,0,0,0,0,0,0,4,2,2,0,296,73,5.3,140,118,0,0,0,5.2,0,0,0,0,0,0,0,0,0,0,0,0,5,2,0,0,127,36,0,261,69,0,0,0,0,0,0,0,0,0,0,0,0,0,0,0,0,3,2,3,5.7,129,109,0,279,72,5.4,364,10,2.9,0,0,0,0,0,0,0,0,0,0,0
20251209134657_B_1002756856_TR.jpg,FALSE,0,3,0,2,0,224,73,0,142,106,0,0,0,3.8,0,0,3.7,0,0,0,0,0,0,0,0,0,4,1,1,0,154,52,0,0,0,5.2,0,0,0,0,0,0,0,0,0,0,0,0,0,0,0,2,1,0,0,165,130,0,0,0,0,0,0,0,0,0,0,0,0,0,0,0,0,0,0,0,5,1,3,0,209,87,4.9,294,84,0,383,41,0,0,0,0,0,0,4.1,0,0,2.6,0,0
20251209134715_A_1003601225_TR.jpg,FALSE,0,4,3,3,6.9,367,81,7.6,282,61,7.7,193,101,0,0,0,0,0,0,0,0,0,0,0,0,0,3,3,3,5.9,266,18,6.2,170,35,8.4,76,52,0,0,0,0,0,0,0,0,0,0,0,0,0,3,3,3,6.2,155,101,5.7,250,105,6.4,352,101,0,0,0,0,0,0,0,0,0,0,0,0,0,4,4,4,6.3,88,16,5.7,168,94,5.6,240,21,7.1,325,81,0,0,0,0,0,0,0,0,0
20251209134809_B_1003444428_TR.jpg,FALSE,0,3,3,3,4.2,319,26,5.2,231,99,3.4,137,7,0,0,0,0,0,0,0,0,0,0,0,0,0,3,1,1,0,227,9,4.6,0,0,0,0,0,0,0,0,0,0,0,0,0,0,0,0,0,0,3,3,3,3.8,129,69,4.5,219,22,3,299,73,0,0,0,0,0,0,0,0,0,0,0,0,0,4,3,3,3.6,110,27,4.7,200,8,3.2,288,32,0,0,0,0,0,0,0,0,0,0,0,0
20251209134827_A_1003555120_TR.jpg,TRUE,0,3,2,5,5.4,382,82,0,297,32,4.7,210,109,2.2,157,107,4.5,131,39,3.1,0,0,0,0,0,0,3,3,4,6.1,393,17,5,303,119,5.4,212,96,5.9,117,77,0,0,0,0,0,0,0,0,0,0,3,3,6,4.9,86,36,4.5,130,65,4.7,180,46,3.5,213,59,2.7,301,74,2.8,344,77,0,0,0,0,3,3,3,6.1,131,99,6.2,221,102,6.9,312,119,0,0,0,0,0,0,0,0,0,0,0,0
20251209134926_B_1003599353_TR.jpg,FALSE,0,4,4,4,6.1,328,39,6.7,251,67,7.5,188,11,8.1,109,52,0,0,0,0,0,0,0,0,0,0,4,3,4,4.5,343,32,7.6,261,8,7.8,195,6,0,66,6,6.1,0,0,0,0,0,0,0,0,0,4,3,4,0,109,28,8.6,183,11,9.3,241,60,8.4,313,85,7.9,0,0,0,0,0,0,0,0,0,4,3,3,0,173,68,8.3,235,97,8,310,19,7.8,0,0,0,0,0,0,0,0,0,0,0
20251209135026_A_1003379561_TR.jpg,FALSE,0,5,2,2,0,249,74,1.9,203,102,2.2,0,0,0,0,0,0,0,0,0,0,0,0,0,0,0,3,0,0,0,0,0,0,0,0,0,0,0,0,0,0,0,0,0,0,0,0,0,0,0,0,3,2,3,0,186,83,2.3,232,97,2.6,295,64,2.8,0,0,0,0,0,0,0,0,0,0,0,0,4,2,2,0,182,94,3.5,226,51,3,0,0,0,0,0,0,0,0,0,0,0,0,0,0
20251209135111_B_1003589070_TR.jpg,FALSE,0,5,4,4,0,316,24,5.7,249,69,5.6,179,66,5.6,111,38,5.6,0,0,0,0,0,0,0,0,0,4,4,4,5.4,295,9,5.7,218,44,5.5,137,10,5.1,61,79,0,0,0,0,0,0,0,0,0,0,4,4,4,5.2,119,40,5.5,186,21,5.1,322,9,5.3,0,0,0,0,0,0,0,0,0,0,0,0,4,3,4,5.2,133,46,5.3,207,85,0,290,86,8.2,369,41,5.2,0,0,0,0,0,0,0,0
20251209135125_A_1003361168_TR.jpg,TRUE,0,4,3,4,0,348,123,5.2,227,106,4.6,130,89,8.7,79,62,5.7,0,0,0,0,0,0,0,0,0,3,3,5,6.3,374,63,7.5,262,13,7,173,55,7.2,114,111,8.3,68,33,0,0,0,0,0,0,0,4,2,6,2.8,43,3,8.1,62,9,0,95,12,0,170,69,6.2,258,7,6.6,322,73,8.2,0,0,0,3,1,4,0,46,114,6.6,136,80,0,188,89,3.1,246,115,1.7,0,0,2.8,0,0,0,0,0
20251209135230_B_1003602057_TR.jpg,FALSE,0,4,4,4,5.7,308,65,5.9,241,41,5.9,186,74,5.4,121,57,0,0,0,0,0,0,0,0,0,0,3,3,3,3.9,305,10,4.3,222,42,3.3,140,45,0,0,0,0,0,0,0,0,0,0,0,0,0,3,3,4,6,118,59,6.2,184,83,5.7,239,71,6.1,302,58,0,0,0,0,0,0,0,0,0,0,3,3,4,3.4,52,55,3.4,137,44,3,217,69,2.2,300,66,0,0,0,0,0,0,0,0,0
20251209135303_A_1003607219_TR.jpg,FALSE,0,4,0,2,0,341,3,0,78,85,0,0,0,0,0,0,2.3,0,0,3.1,0,0,0,0,0,0,3,3,4,3.4,387,115,2.5,294,111,3,211,49,2.1,137,35,0,0,0,0,0,0,0,0,0,0,4,1,1,0,209,8,3.6,0,0,0,0,0,0,0,0,0,0,0,0,0,0,0,0,0,0,3,2,3,0,208,104,3.3,287,40,3.2,337,26,2.9,0,0,0,0,0,0,0,0,0,0,0
20251209135352_B_1003569661_TR.jpg,TRUE,0,4,4,5,3.2,360,8,4.8,334,110,5.4,263,51,8.5,196,76,2.3,121,88,0,0,0,0,0,0,0,4,4,5,3,342,28,4,306,120,3.3,239,119,7.6,164,122,2.4,101,103,0,0,0,0,0,0,0,5,5,8,5.8,53,91,4,72,98,6.4,99,92,m,159,117,0,227,114,4.7,292,46,4.8,314,109,0,4,4,5,3.4,89,117,2.3,164,76,3.1,192,112,8.1,236,91,5.8,322,125,0,0,0,0,0,0
20251209135514_B_XXXXXXXXXX_TR.jpg,FALSE,0,2,1,1,0,143,50,3.7,0,0,0,0,0,0,0,0,0,0,0,0,0,0,0,0,0,0,2,1,1,0,145,63,4.2,0,0,0,0,0,0,0,0,0,0,0,0,0,0,0,0,0,0,2,0,0,0,0,0,0,0,0,0,0,0,0,0,0,0,0,0,0,0,0,0,0,0,0,2,0,2,0,183,38,0,285,77,2,0,0,3.3,0,0,0,0,0,0,0,0,0,0,0
20251209135527_A_1003511934_TR.jpg,FALSE,0,3,3,3,4.6,290,38,5.9,213,101,5.5,132,56,0,0,0,0,0,0,0,0,0,0,0,0,0,3,3,3,5.9,299,102,5.8,213,87,4.3,132,118,0,0,0,0,0,0,0,0,0,0,0,0,0,4,3,3,0,151,27,6.2,237,111,6.2,318,83,2.3,0,0,0,0,0,0,0,0,0,0,0,0,3,3,3,6.3,127,113,6.2,211,68,5.8,298,69,0,0,0,0,0,0,0,0,0,0,0,0
20251209135611_B_1003136144_TR.jpg,FALSE,0,3,2,2,2.2,311,108,4.1,226,69,0,0,0,0,0,0,0,0,0,0,0,0,0,0,0,0,5,1,2,0,317,94,0,137,22,0,0,0,0,0,0,5.2,0,0,3.3,0,0,0,0,0,0,2,0,0,0,0,0,0,0,0,0,0,0,0,0,0,0,0,0,0,0,0,0,0,0,0,3,2,3,0,128,87,2.1,213,52,5.3,290,114,3.4,0,0,0,0,0,0,0,0,0,0,0
20251209135624_A_1003421542_TR.jpg,FALSE,0,4,3,3,3.8,333,67,3.8,247,29,3.5,169,76,0,0,0,0,0,0,0,0,0,0,0,0,0,4,4,4,2.5,345,51,3.1,266,46,2.6,187,67,2.9,104,74,0,0,0,0,0,0,0,0,0,0,3,3,3,4,90,65,3.9,163,52,3.7,251,69,0,0,0,0,0,0,0,0,0,0,0,0,0,4,4,4,2.7,111,36,2.8,191,52,2.4,274,18,2.7,358,37,0,0,0,0,0,0,0,0,0
20251209135833_A_1003572792_TR.jpg,FALSE,0,3,3,3,1.9,300,76,6.1,224,96,5.6,139,25,0,0,0,0,0,0,0,0,0,0,0,0,0,3,3,3,4.9,307,63,6,227,23,5,142,104,0,0,0,0,0,0,0,0,0,0,0,0,0,4,2,2,0,145,10,6.3,226,71,5.7,0,0,0,0,0,0,0,0,0,0,0,0,0,0,0,3,3,3,5.7,134,113,6.1,216,17,4.7,296,80,0,0,0,0,0,0,0,0,0,0,0,0
20251209135904_B_1003444882_TR.jpg,FALSE,0,4,2,3,0,312,106,6,222,96,4.2,139,55,0,0,0,5.6,0,0,0,0,0,0,0,0,0,4,3,4,5.5,390,97,5.4,310,17,0,216,11,5.3,129,95,3.2,0,0,0,0,0,0,0,0,0,4,3,5,6.3,47,29,6,114,25,6,197,81,0,278,86,2.9,336,67,2.7,0,0,0,0,0,0,3,3,4,5,126,107,6,216,72,7.2,309,84,2.5,378,91,0,0,0,0,0,0,0,0,0
20251209140008_A_1003607220_TR.jpg,FALSE,0,3,3,3,8,305,89,8.3,213,37,8.3,123,39,0,0,0,0,0,0,0,0,0,0,0,0,0,3,3,3,6,309,56,8,218,102,6.6,121,51,0,0,0,0,0,0,0,0,0,0,0,0,0,5,2,2,0,219,31,0,313,30,8.4,0,0,0,0,0,5,0,0,0,0,0,0,0,0,0,3,1,1,0,225,77,8,0,0,0,0,0,0,0,0,0,0,0,0,0,0,0,0,0
20251209140114_B_1003091645_TR.jpg,TRUE,0,3,3,4,5.4,353,56,5.8,308,38,5.5,215,51,3.3,120,23,0,0,0,0,0,0,0,0,0,0,3,3,4,5.4,323,75,5.4,217,70,5.2,148,76,3.1,123,77,0,0,0,0,0,0,0,0,0,0,3,3,5,6.7,67,40,5.7,125,28,5.7,223,54,3.2,316,16,3.4,377,6,0,0,0,0,0,0,0,3,2,4,0,93,10,5.2,127,18,5.6,204,36,6.5,298,21,2.9,0,0,0,0,0,0,0,0
20251209140127_A_1003393302_TR.jpg,TRUE,0,3,2,3,1.8,332,124,3.2,249,125,0,144,54,2.9,0,0,0,0,0,0,0,0,0,0,0,0,1,1,2,2.5,255,83,2.1,128,103,0,0,0,0,0,0,0,0,0,0,0,0,0,0,0,0,3,3,3,2.8,115,92,3.7,189,81,3,313,119,0,0,0,0,0,0,0,0,0,0,0,0,0,3,2,3,0,184,60,4.1,282,44,3.7,317,110,3.5,0,0,0,0,0,0,0,0,0,0,0
20251209140228_B_1003601211_TR.jpg,FALSE,0,3,3,3,6.9,319,93,7,226,97,7.2,141,104,0,0,0,0,0,0,0,0,0,0,0,0,0,3,3,3,5.2,307,96,5.4,222,72,5.6,136,83,0,0,0,0,0,0,0,0,0,0,0,0,0,4,3,4,0,86,59,6.8,147,28,7.4,234,32,3,318,97,3.3,0,0,0,0,0,0,0,0,0,3,2,2,6.9,133,60,6.9,223,91,0,0,0,0,0,0,0,0,0,0,0,0,0,0,0
20251209140230_A_XXXXXXXXXX_TR.jpg,FALSE,0,3,2,2,0,221,115,4.8,128,122,3.6,0,0,0,0,0,0,0,0,0,0,0,0,0,0,0,3,0,0,0,0,0,0,0,0,0,0,0,0,0,0,0,0,0,0,0,0,0,0,0,0,3,0,0,0,0,0,0,0,0,0,0,0,0,0,0,0,0,0,0,0,0,0,0,0,0,5,0,1,0,304,133,0,0,0,0,0,0,0,0,0,0,0,0,3.1,0,0,0,0,0
20251209140400_B_1003136145_TR.jpg,FALSE,0,3,3,3,5.7,301,9,5.8,205,46,5.9,115,76,0,0,0,0,0,0,0,0,0,0,0,0,0,3,3,3,5.9,305,46,6,203,66,6,102,90,0,0,0,0,0,0,0,0,0,0,0,0,0,4,3,3,6.2,113,86,5.8,209,80,0,300,71,5.8,0,0,0,0,0,0,0,0,0,0,0,0,3,3,4,6.7,105,89,6.7,205,48,6.8,299,88,2,378,82,0,0,0,0,0,0,0,0,0
20251209140441_A_9999856140_TR.jpg,TRUE,0,2,2,6,3.6,365,97,2.3,348,17,2.3,325,109,2.3,207,115,2.5,185,106,2.4,74,115,0,0,0,0,1,1,6,4.7,364,101,3.4,342,52,2.5,321,60,2.6,252,97,2.6,217,103,2.4,157,116,0,0,0,0,0,0,9,3.2,59,96,3.5,78,15,3.6,111,33,2.9,134,44,3.4,151,52,3.3,192,70,4.1,238,100,0,2,0,0,0,33,98,0,60,14,0,112,67,0,203,109,0,232,46,0,266,123,0,285,18
20251209140556_B_1003141437_TR.jpg,FALSE,0,4,4,4,4.3,317,80,4.2,241,10,4,177,14,3.7,99,75,0,0,0,0,0,0,0,0,0,0,4,4,4,4,325,59,3.8,243,55,3.6,180,45,3.1,99,68,0,0,0,0,0,0,0,0,0,0,4,4,4,3.8,126,37,4.9,213,86,5.9,283,25,5.5,367,28,0,0,0,0,0,0,0,0,0,0,4,4,4,4.1,107,57,4.8,192,87,5.1,260,33,5.4,345,46,0,0,0,0,0,0,0,0,0
20251209140606_A_1003601872_TR.jpg,TRUE,0,4,2,3,0,265,44,5.1,203,118,6,127,62,0,0,0,7.6,0,0,0,0,0,0,0,0,0,4,0,3,0,382,115,0,192,55,0,95,77,0,0,0,6.1,0,0,6.9,0,0,7.5,0,0,0,2,0,6,0,35,77,0,74,69,4,244,63,6.4,304,29,6.7,325,113,8.1,381,9,7.6,0,0,0,3,0,4,0,130,43,0,196,69,0,250,86,3.1,307,52,6.2,0,0,7.1,0,0,7.8,0,0
20251209140715_B_XXXXXXXXXX_TR.jpg,FALSE,0,3,1,1,4.4,330,75,0,0,0,0,0,0,0,0,0,0,0,0,0,0,0,0,0,0,0,0,0,0,0,0,0,0,0,0,0,0,0,0,0,0,0,0,0,0,0,0,0,0,0,0,2,1,2,0,51,16,4,344,70,3.6,0,0,0,0,0,0,0,0,0,0,0,0,0,0,0,3,1,2,4.5,70,114,0,156,25,0,0,0,6.6,0,0,0,0,0,0,0,0,0,0,0
20251209140720_A_1003601867_TR.jpg,FALSE,0,2,0,2,0,268,71,0,80,55,5.5,0,0,3.5,0,0,0,0,0,0,0,0,0,0,0,0,2,1,0,0,214,99,0,111,97,0,0,0,0,0,0,0,0,0,0,0,0,0,0,0,0,1,0,4,0,130,59,6.6,258,68,5.7,295,52,3.5,368,11,2.7,0,0,0,0,0,0,0,0,0,3,1,3,0,153,20,2.4,196,79,0,239,110,6,0,0,5.3,0,0,0,0,0,0,0,0
20251209140829_A_1003554288_TR.jpg,FALSE,0,3,1,1,0,230,29,4.9,0,0,0,0,0,0,0,0,0,0,0,0,0,0,0,0,0,0,3,0,1,0,298,42,0,0,0,0,0,0,2,0,0,0,0,0,0,0,0,0,0,0,0,4,0,2,0,43,11,0,282,67,0,0,0,0,0,0,5.1,0,0,6,0,0,0,0,0,0,3,3,4,6.9,57,6,6.9,129,17,6.9,213,51,6.9,295,105,0,0,0,0,0,0,0,0,0
20251209140903_B_1003601210_TR.jpg,FALSE,0,4,1,3,0,339,86,0,252,85,7.3,166,71,0,0,0,5.8,0,0,7.2,0,0,0,0,0,0,4,4,4,8.5,345,58,7.3,253,84,6.8,163,83,6.4,79,5,0,0,0,0,0,0,0,0,0,0,4,4,4,6.4,77,40,7.9,163,48,7.3,244,41,6.4,333,75,0,0,0,0,0,0,0,0,0,0,4,4,4,6.5,75,84,7.2,164,37,7.1,257,10,4.3,344,34,0,0,0,0,0,0,0,0,0
20251209140949_A_1003601870_TR.jpg,FALSE,0,3,3,4,4.4,303,48,5.3,221,97,6,131,94,2.7,66,59,0,0,0,0,0,0,0,0,0,0,4,3,3,5,305,7,0,212,109,6.3,125,89,6.8,0,0,0,0,0,0,0,0,0,0,0,0,3,2,2,0,215,84,6.1,291,110,2.7,0,0,0,0,0,0,0,0,0,0,0,0,0,0,0,3,2,2,0,200,18,5.8,293,57,5.5,0,0,0,0,0,0,0,0,0,0,0,0,0,0
20251209141032_B_1003554360_TR.jpg,FALSE,0,3,3,3,4.4,310,125,6.1,236,98,3.6,159,123,0,0,0,0,0,0,0,0,0,0,0,0,0,3,2,2,6.4,304,60,0,145,114,3.6,0,0,0,0,0,0,0,0,0,0,0,0,0,0,0,2,2,4,5.6,115,113,6.1,187,9,6.1,260,38,2.1,377,43,0,0,0,0,0,0,0,0,0,0,3,3,3,5.4,139,119,5.4,211,72,4.5,287,91,0,0,0,0,0,0,0,0,0,0,0,0
20251209141105_A_1003569665_TR.jpg,FALSE,0,3,3,4,3.1,292,38,5,223,93,4.6,156,84,3,83,59,0,0,0,0,0,0,0,0,0,0,3,3,5,2.1,369,92,4.9,283,47,5.3,219,76,2.8,152,105,3,84,99,0,0,0,0,0,0,0,4,2,2,0,216,73,0,277,82,5.8,0,0,6.6,0,0,0,0,0,0,0,0,0,0,0,0,3,2,2,0,213,95,6,281,78,5.4,0,0,0,0,0,0,0,0,0,0,0,0,0,0
20251209141146_B_1003437449_TR.jpg,FALSE,0,3,2,3,0,291,23,5.7,231,79,5,142,87,5.6,0,0,0,0,0,0,0,0,0,0,0,0,4,4,5,5.6,347,68,6.2,272,6,5.9,217,72,5.3,122,45,2,44,99,0,0,0,0,0,0,0,5,4,4,6.1,118,5,0,181,28,5.6,234,11,5.3,315,19,5.7,0,0,0,0,0,0,0,0,0,4,4,4,4.4,111,69,4.9,175,56,4.8,222,70,4.6,308,3,0,0,0,0,0,0,0,0,0
20251209141229_A_1003387217_TR.jpg,FALSE,0,3,3,3,3.4,309,103,4.3,213,106,4.2,126,60,0,0,0,0,0,0,0,0,0,0,0,0,0,3,3,3,3.8,314,31,5,219,63,4.4,127,101,0,0,0,0,0,0,0,0,0,0,0,0,0,3,3,3,4,139,39,5,227,58,5.4,310,18,0,0,0,0,0,0,0,0,0,0,0,0,0,3,3,3,4,125,70,5,219,117,4.9,313,99,0,0,0,0,0,0,0,0,0,0,0,0
20251209141313_B_1003569664_TR.jpg,TRUE,0,3,2,2,4.5,339,18,3.9,251,63,0,0,0,0,0,0,0,0,0,0,0,0,0,0,0,0,3,3,3,4.5,337,49,3.2,247,115,4.9,100,105,0,0,0,0,0,0,0,0,0,0,0,0,0,3,3,4,3.9,106,86,3.1,163,96,4.4,191,53,2.3,341,102,0,0,0,0,0,0,0,0,0,0,3,3,4,4.4,99,60,4.1,151,69,4.7,186,116,3.2,337,87,0,0,0,0,0,0,0,0,0
20251209141334_A_1002540887_TR.jpg,FALSE,0,4,4,4,6.4,313,45,7,220,42,7.3,130,52,6.4,41,20,0,0,0,0,0,0,0,0,0,0,4,3,3,3.2,304,36,3.5,229,48,4.1,139,26,0,0,0,0,0,0,0,0,0,0,0,0,0,4,4,5,6.6,41,73,7.1,97,33,7.2,174,50,7.1,261,20,5.9,343,36,0,0,0,0,0,0,0,4,3,3,4,127,75,3.7,228,78,3.9,320,57,0,0,0,0,0,0,0,0,0,0,0,0
20251209141413_B_XXXXXXXXXX_TR.jpg,FALSE,0,2,2,3,5.6,326,61,3.5,232,82,4.2,133,79,0,0,0,0,0,0,0,0,0,0,0,0,0,3,2,3,7.6,267,111,6.6,222,84,0,133,84,2.1,0,0,0,0,0,0,0,0,0,0,0,0,1,0,1,0,196,5,4.3,0,0,0,0,0,0,0,0,0,0,0,0,0,0,0,0,0,0,3,1,1,0,212,44,6.5,0,0,0,0,0,0,0,0,0,0,0,0,0,0,0,0,0
20251209141453_B_1003387218_TR.jpg,FALSE,0,1,0,1,0,205,28,3.4,0,0,0,0,0,0,0,0,0,0,0,0,0,0,0,0,0,0,0,0,0,0,0,0,0,0,0,0,0,0,0,0,0,0,0,0,0,0,0,0,0,0,0,1,0,1,0,114,27,2.2,0,0,0,0,0,0,0,0,0,0,0,0,0,0,0,0,0,0,3,0,0,0,0,0,0,0,0,0,0,0,0,0,0,0,0,0,0,0,0,0,0,0
20251209141455_A_1003387216_TR.jpg,FALSE,0,3,3,4,5,328,43,5.4,255,22,6.8,177,33,2.1,111,74,0,0,0,0,0,0,0,0,0,0,3,3,3,5.3,330,51,6.2,225,11,5.8,134,81,0,0,0,0,0,0,0,0,0,0,0,0,0,4,3,3,0,133,96,5.2,227,101,5.3,311,84,5.8,0,0,0,0,0,0,0,0,0,0,0,0,3,3,3,5.3,143,120,5.3,216,122,4.4,291,107,0,0,0,0,0,0,0,0,0,0,0,0
20251209141602_A_1003387213_TR.jpg,FALSE,0,3,3,3,3.9,299,44,4,211,15,4.8,125,13,0,0,0,0,0,0,0,0,0,0,0,0,0,3,3,3,4.1,299,50,4.5,202,13,5,114,64,0,0,0,0,0,0,0,0,0,0,0,0,0,3,3,3,4.2,121,39,4.2,219,31,3.6,306,87,0,0,0,0,0,0,0,0,0,0,0,0,0,3,2,3,4.1,119,35,0,211,106,3.2,307,6,4.4,0,0,0,0,0,0,0,0,0,0,0
20251209141607_B_1003572791_TR.jpg,FALSE,0,3,3,3,5.9,315,98,5.9,231,92,5.3,146,31,0,0,0,0,0,0,0,0,0,0,0,0,0,3,1,1,0,220,122,2.4,0,0,0,0,0,0,0,0,0,0,0,0,0,0,0,0,0,0,3,2,2,0,204,121,5.8,289,124,6.7,0,0,0,0,0,0,0,0,0,0,0,0,0,0,0,3,2,2,0,213,87,6.9,296,116,5.5,0,0,0,0,0,0,0,0,0,0,0,0,0,0
20251209141711_A_1003387215_TR.jpg,FALSE,0,3,3,3,2.2,298,99,3.9,220,7,3.7,134,48,0,0,0,0,0,0,0,0,0,0,0,0,0,3,3,3,4,305,67,4,219,35,3.7,131,6,0,0,0,0,0,0,0,0,0,0,0,0,0,3,3,3,4.1,139,99,3.3,223,80,3.5,301,25,0,0,0,0,0,0,0,0,0,0,0,0,0,3,3,3,5.5,127,71,4.4,211,99,4.2,300,114,0,0,0,0,0,0,0,0,0,0,0,0
20251209141728_B_1003200430_TR.jpg,FALSE,0,4,3,3,0,274,118,3.1,208,26,6.6,140,52,6.4,0,0,0,0,0,0,0,0,0,0,0,0,4,3,4,0,371,101,2.3,275,7,6.3,209,32,6.8,139,21,3.5,0,0,0,0,0,0,0,0,0,4,1,2,0,205,102,6.9,369,68,0,0,0,0,0,0,2,0,0,0,0,0,0,0,0,0,4,4,4,0,204,117,6.4,269,117,6.5,323,60,m,375,78,0,0,0,0,0,0,0,0,0
20251209141820_A_1003409774_TR.jpg,TRUE,0,3,2,5,5.3,383,14,4.3,312,69,0,226,87,2.4,148,85,5.1,77,54,2.7,0,0,0,0,0,0,2,1,3,0,299,127,4.8,214,86,5.2,126,45,2.7,0,0,0,0,0,0,0,0,0,0,0,0,2,2,2,7.5,125,54,5,301,53,0,0,0,0,0,0,0,0,0,0,0,0,0,0,0,0,2,2,5,3.6,115,101,6.3,144,88,2.8,271,126,4.3,297,60,3.1,354,87,0,0,0,0,0,0
20251209141846_B_1003248038_TR.jpg,FALSE,0,3,3,4,3.6,310,71,7.5,217,59,7.2,131,29,5.8,60,22,0,0,0,0,0,0,0,0,0,0,3,3,3,5.5,303,77,5.6,217,65,6.3,123,114,0,0,0,0,0,0,0,0,0,0,0,0,0,3,3,4,7.7,131,72,8.6,219,112,8.2,311,97,6.1,386,4,0,0,0,0,0,0,0,0,0,0,3,3,5,6.4,40,70,5.3,124,71,6.4,219,98,3.4,308,93,3.9,376,115,0,0,0,0,0,0
20251209142014_B_1003572565_TR.jpg,FALSE,0,3,1,1,5.5,306,8,0,0,0,0,0,0,0,0,0,0,0,0,0,0,0,0,0,0,0,2,0,0,0,0,0,0,0,0,0,0,0,0,0,0,0,0,0,0,0,0,0,0,0,0,1,0,0,0,0,0,0,0,0,0,0,0,0,0,0,0,0,0,0,0,0,0,0,0,0,0,0,0,0,0,0,0,0,0,0,0,0,0,0,0,0,0,0,0,0,0,0,0,0
20251209142034_A_1003569663_TR.jpg,FALSE,0,3,3,3,4.2,315,20,5.2,219,39,4.7,133,4,0,0,0,0,0,0,0,0,0,0,0,0,0,3,3,3,4.9,309,122,5.9,223,119,4.4,133,5,0,0,0,0,0,0,0,0,0,0,0,0,0,3,3,4,4.1,127,117,5,211,62,3.8,291,8,2,392,25,0,0,0,0,0,0,0,0,0,0,3,3,3,5.6,125,17,6.4,212,107,4.1,300,82,0,0,0,0,0,0,0,0,0,0,0,0
20251209142125_B_1003554287_TR.jpg,FALSE,0,3,2,2,6.1,334,95,0,157,114,4.5,0,0,0,0,0,0,0,0,0,0,0,0,0,0,0,3,2,3,5.9,387,18,0,308,88,5.5,138,13,9.4,0,0,0,0,0,0,0,0,0,0,0,0,4,2,4,0,127,11,0,165,9,2.6,219,12,4.9,305,67,2,0,0,2.1,0,0,0,0,0,0,3,1,2,0,207,66,7.5,282,47,0,0,0,6.3,0,0,0,0,0,0,0,0,0,0,0
20251209142139_A_1003554358_TR.jpg,FALSE,0,2,2,2,5.2,283,81,5.6,168,96,0,0,0,0,0,0,0,0,0,0,0,0,0,0,0,0,2,2,2,7.6,281,111,6.6,172,108,0,0,0,0,0,0,0,0,0,0,0,0,0,0,0,0,2,2,2,5.2,159,63,5.7,268,42,0,0,0,0,0,0,0,0,0,0,0,0,0,0,0,0,2,2,3,6.2,61,83,6,171,62,4.5,284,10,0,0,0,0,0,0,0,0,0,0,0,0
20251209142238_A_1003601258_TR.jpg,FALSE,0,4,4,4,5,328,82,4.5,248,46,4.5,171,68,4.3,92,62,0,0,0,0,0,0,0,0,0,0,4,3,4,0,367,88,5,252,41,5.1,160,40,4.3,89,8,2.2,0,0,0,0,0,0,0,0,0,4,2,3,0,175,79,4.6,252,88,0,330,48,5,0,0,4.8,0,0,0,0,0,0,0,0,0,4,2,3,4.3,91,3,0,170,3,4.3,255,5,0,0,0,4.7,0,0,0,0,0,0,0,0
20251209142251_B_1003241086_TR.jpg,FALSE,0,3,2,3,6.5,346,100,7.5,257,101,0,99,91,2.6,0,0,0,0,0,0,0,0,0,0,0,0,3,3,4,3.8,346,124,6.4,253,113,6.2,164,48,3.9,94,7,0,0,0,0,0,0,0,0,0,0,4,3,3,0,131,109,5.6,219,110,6.1,296,70,1.9,0,0,0,0,0,0,0,0,0,0,0,0,4,2,3,6.5,118,108,6.6,201,89,0,358,39,0,0,0,3.9,0,0,0,0,0,0,0,0
20251209142400_A_XXXXXXXXXX_TR.jpg,FALSE,0,3,3,4,5.6,388,5,4.9,290,48,5.4,207,31,2.2,128,47,0,0,0,0,0,0,0,0,0,0,3,2,2,5.5,309,63,5.2,210,83,0,0,0,0,0,0,0,0,0,0,0,0,0,0,0,0,3,3,3,5.9,145,31,5.7,233,103,6,324,37,0,0,0,0,0,0,0,0,0,0,0,0,0,3,3,3,5.9,130,95,5.8,211,104,5.3,306,21,0,0,0,0,0,0,0,0,0,0,0,0
20251209142404_B_1003085183_TR.jpg,FALSE,0,4,4,4,7.6,346,93,8.5,266,56,8.2,191,90,4.3,103,58,0,0,0,0,0,0,0,0,0,0,4,4,5,7.4,375,7,8.2,339,67,7.8,253,44,7.4,179,69,5.9,91,39,0,0,0,0,0,0,0,4,3,3,0,183,93,8.1,262,80,8.5,333,36,7.3,0,0,0,0,0,0,0,0,0,0,0,0,4,4,4,7.3,105,57,8.1,191,69,7.8,262,65,7.8,351,63,0,0,0,0,0,0,0,0,0
20251209142513_A_1003519036_TR.jpg,FALSE,0,3,2,3,5.4,302,113,6.2,218,47,0,60,38,3.2,0,0,0,0,0,0,0,0,0,0,0,0,3,2,3,5.2,311,78,6.5,224,3,0,74,80,2.9,0,0,0,0,0,0,0,0,0,0,0,0,3,2,3,5.7,46,65,6.5,127,36,0,220,121,3.1,0,0,0,0,0,0,0,0,0,0,0,0,3,2,2,5.7,120,91,6.5,211,98,0,0,0,0,0,0,0,0,0,0,0,0,0,0,0
20251209142552_B_1003601260_TR.jpg,FALSE,0,4,4,4,4.2,347,62,4.5,277,14,4.2,209,26,5,142,87,0,0,0,0,0,0,0,0,0,0,4,4,4,4,307,4,4.5,245,80,4.3,178,40,5,119,81,0,0,0,0,0,0,0,0,0,0,4,3,4,5.1,146,24,4.9,211,59,5.1,280,44,0,346,86,3.5,0,0,0,0,0,0,0,0,0,4,3,3,5.4,122,22,4.8,185,56,5.1,251,50,0,0,0,0,0,0,0,0,0,0,0,0
20251209142558_A_1003519037_TR.jpg,FALSE,0,2,2,2,3.2,314,101,3.1,132,17,0,0,0,0,0,0,0,0,0,0,0,0,0,0,0,0,3,2,2,3.3,339,103,3,143,90,0,0,0,0,0,0,0,0,0,0,0,0,0,0,0,0,3,1,2,0,121,109,0,291,62,3,0,0,3.3,0,0,0,0,0,0,0,0,0,0,0,0,3,3,3,5.1,102,23,3.6,201,81,4,296,89,0,0,0,0,0,0,0,0,0,0,0,0
20251209142644_A_1003237126_TR.jpg,FALSE,0,5,2,2,5.6,323,64,5.2,250,80,0,0,0,0,0,0,0,0,0,0,0,0,0,0,0,0,4,3,0,0,359,103,0,273,41,0,205,12,0,0,0,0,0,0,0,0,0,0,0,0,0,4,4,4,5.1,123,86,4.8,199,5,4.4,259,72,6.8,340,50,0,0,0,0,0,0,0,0,0,0,5,4,4,5.9,105,39,0,182,48,5.9,243,79,5.7,322,36,7.8,0,0,0,0,0,0,0,0
20251209142744_B_1003569666_TR.jpg,FALSE,0,3,3,0,0,319,110,0,246,123,0,169,28,0,0,0,0,0,0,0,0,0,0,0,0,0,2,2,3,4.9,308,36,4.6,148,62,3.6,76,6,0,0,0,0,0,0,0,0,0,0,0,0,0,4,2,2,0,140,45,4.3,284,21,0,0,0,4.2,0,0,0,0,0,0,0,0,0,0,0,0,2,2,2,5.7,130,96,5,286,91,0,0,0,0,0,0,0,0,0,0,0,0,0,0,0
20251209142814_A_1003607223_TR.jpg,FALSE,0,5,0,0,0,0,0,0,0,0,0,0,0,0,0,0,0,0,0,0,0,0,0,0,0,0,3,0,0,0,0,0,0,0,0,0,0,0,0,0,0,0,0,0,0,0,0,0,0,0,0,3,1,1,0,285,49,0,0,0,2.9,0,0,0,0,0,0,0,0,0,0,0,0,0,0,0,2,1,3,0,140,7,3.5,193,62,5.2,285,99,4.6,0,0,0,0,0,0,0,0,0,0,0
20251209142910_B_1003157592_TR.jpg,FALSE,0,4,3,3,6.4,366,19,8.9,284,29,7.1,195,33,0,0,0,0,0,0,0,0,0,0,0,0,0,4,3,5,7,385,22,7.5,317,51,7.4,235,82,0,156,91,9,46,19,3.3,0,0,0,0,0,0,4,3,3,7.1,106,52,6.3,185,88,7.7,262,95,0,0,0,0,0,0,0,0,0,0,0,0,0,4,2,3,0,124,7,8,213,94,0,362,79,3.4,0,0,7.3,0,0,0,0,0,0,0,0
20251209142941_A_1003554362_TR.jpg,FALSE,0,3,3,4,5.9,392,86,5.2,301,41,5.3,219,34,2.6,128,70,0,0,0,0,0,0,0,0,0,0,3,3,0,0,295,73,0,208,42,0,115,21,0,0,0,0,0,0,0,0,0,0,0,0,0,3,3,4,6.2,37,12,5.1,125,101,5,212,90,3.1,298,12,0,0,0,0,0,0,0,0,0,0,3,3,3,5.8,132,47,6.1,228,66,4.8,325,58,0,0,0,0,0,0,0,0,0,0,0,0
20251209143014_A_1003241085_TR.jpg,FALSE,0,1,0,1,0,313,123,3,0,0,0,0,0,0,0,0,0,0,0,0,0,0,0,0,0,0,2,0,0,0,0,0,0,0,0,0,0,0,0,0,0,0,0,0,0,0,0,0,0,0,0,4,0,0,0,0,0,0,0,0,0,0,0,0,0,0,0,0,0,0,0,0,0,0,0,0,1,0,1,0,355,31,2.6,0,0,0,0,0,0,0,0,0,0,0,0,0,0,0,0,0
20251209143042_B_1003554286_TR.jpg,FALSE,0,3,1,3,6,391,9,0,304,70,0,143,85,4.9,0,0,4.7,0,0,0,0,0,0,0,0,0,3,1,2,0,288,95,0,129,19,6.2,0,0,4,0,0,0,0,0,0,0,0,0,0,0,0,4,3,3,3.5,118,111,7.9,200,95,6.1,274,96,0,0,0,0,0,0,0,0,0,0,0,0,0,3,2,3,0,135,107,6.8,219,121,6.5,301,85,2.7,0,0,0,0,0,0,0,0,0,0,0
20251209143123_A_1003515045_TR.jpg,TRUE,0,3,3,3,4.9,315,50,5.1,227,4,5.2,141,81,0,0,0,0,0,0,0,0,0,0,0,0,0,4,1,1,0,245,81,7.9,0,0,0,0,0,0,0,0,0,0,0,0,0,0,0,0,0,0,3,3,3,5.1,139,21,5.2,235,79,6,321,71,0,0,0,0,0,0,0,0,0,0,0,0,0,4,4,7,2.5,65,86,2,88,65,6,110,88,0,164,67,2.1,201,65,2.2,227,88,4.2,249,67
20251209143202_B_1003515044_TR.jpg,FALSE,0,3,3,4,4.9,321,14,5.1,225,77,5.2,138,34,3.4,54,70,0,0,0,0,0,0,0,0,0,0,3,2,3,5.6,298,50,5.4,209,17,0,121,89,6,0,0,0,0,0,0,0,0,0,0,0,0,3,3,3,4.8,161,68,5.5,249,94,6.1,349,30,0,0,0,0,0,0,0,0,0,0,0,0,0,3,3,3,5.5,139,18,6.2,235,41,3.1,318,43,0,0,0,0,0,0,0,0,0,0,0,0
20251209143309_A_1003448197_TR.jpg,TRUE,0,3,2,2,6.1,310,29,4.8,229,73,0,0,0,0,0,0,0,0,0,0,0,0,0,0,0,0,3,2,3,2.1,400,75,5.2,300,82,0,220,69,6.8,0,0,0,0,0,0,0,0,0,0,0,0,3,3,6,6.1,102,65,3.4,161,83,5.7,178,65,2.4,230,81,3.3,242,37,8,288,60,0,0,0,0,3,3,3,6.5,105,11,5.4,184,29,5.6,292,61,0,0,0,0,0,0,0,0,0,0,0,0
20251209143335_B_1002007159_TR.jpg,FALSE,0,3,2,3,3.7,310,118,3.5,241,41,0,196,47,3.3,0,0,0,0,0,0,0,0,0,0,0,0,3,1,1,6.3,325,52,0,0,0,0,0,0,0,0,0,0,0,0,0,0,0,0,0,0,0,5,3,3,0,115,115,3.6,187,95,4.1,233,103,4.1,0,0,0,0,0,0,0,0,0,0,0,0,4,3,3,3.5,114,122,3.8,186,104,3.7,234,126,0,0,0,0,0,0,0,0,0,0,0,0
20251209143523_A_XXXXXXXXXX_TR.jpg,FALSE,0,3,3,4,4.4,332,107,4.2,255,110,5.5,169,97,5.4,100,70,0,0,0,0,0,0,0,0,0,0,5,4,4,5.9,330,100,4.5,256,42,0,175,91,5.2,97,92,6.4,0,0,0,0,0,0,0,0,0,4,3,4,0,93,112,3.5,172,99,3.6,244,115,5.4,327,68,4,0,0,0,0,0,0,0,0,0,3,3,4,5.3,89,90,5.2,170,7,7,253,35,6.7,333,96,0,0,0,0,0,0,0,0,0
20251209143530_B_1003420039_TR.jpg,FALSE,0,3,3,3,4.1,326,45,2.7,226,15,4.4,137,93,0,0,0,0,0,0,0,0,0,0,0,0,0,4,0,1,0,269,60,0,0,0,0,0,0,0,0,0,2.8,0,0,0,0,0,0,0,0,0,3,2,3,2.5,117,94,3.3,206,23,0,294,108,5.4,0,0,0,0,0,0,0,0,0,0,0,0,3,1,3,3.1,155,29,0,246,56,0,340,66,3.7,0,0,2.8,0,0,0,0,0,0,0,0
20251209143602_A_1003601259_TR.jpg,FALSE,0,4,2,0,0,262,8,0,182,14,0,0,0,0,0,0,0,0,0,0,0,0,0,0,0,0,4,2,2,0,229,83,2.8,153,84,7.8,0,0,0,0,0,0,0,0,0,0,0,0,0,0,0,4,2,0,0,47,47,0,205,68,0,292,59,0,0,0,0,0,0,0,0,0,0,0,0,0,4,1,1,0,196,31,2.4,0,0,0,0,0,0,0,0,0,0,0,0,0,0,0,0,0
20251209143649_B_1003448194_TR.jpg,TRUE,0,2,2,3,3.7,292,105,3.2,225,104,3.1,134,14,0,0,0,0,0,0,0,0,0,0,0,0,0,3,3,3,4.3,308,118,3.5,204,54,4.2,121,111,0,0,0,0,0,0,0,0,0,0,0,0,0,0,0,4,3,129,113,3.6,214,106,3.6,288,59,2.4,341,16,0,0,0,0,0,0,0,0,0,0,1,1,4,4.7,116,98,4.6,190,118,4.3,210,100,3.5,285,116,0,0,0,0,0,0,0,0,0
20251209143730_A_1003607743_TR.jpg,FALSE,0,1,1,6,7,398,91,2.8,334,78,8,255,78,3.7,185,96,5,111,81,5.3,57,36,0,0,0,0,2,0,3,0,258,98,0,186,89,5.7,94,36,4.7,0,0,3.6,0,0,0,0,0,0,0,0,0,0,0,6,4.2,45,27,3,98,95,4.5,181,95,4.3,247,61,2.5,326,92,4,381,13,0,0,0,0,1,0,3,0,173,85,4.2,245,98,5.4,318,25,5.2,0,0,0,0,0,0,0,0,0,0,0
20251209143825_B_1003448195_TR.jpg,FALSE,0,3,3,4,5.2,350,30,5.3,297,85,4.9,216,5,2.1,139,64,0,0,0,0,0,0,0,0,0,0,3,3,5,4.6,340,50,5.9,295,91,5.2,210,35,2.9,129,91,2.9,87,68,0,0,0,0,0,0,0,3,3,4,5.8,86,31,5.4,136,59,5.4,213,64,3,291,87,0,0,0,0,0,0,0,0,0,0,3,3,4,6.2,142,100,6,221,67,5.9,299,65,2.9,362,58,0,0,0,0,0,0,0,0,0
20251209143858_A_1003579505_TR.jpg,FALSE,0,3,2,3,7.2,393,47,6.8,301,39,0,214,92,10,0,0,0,0,0,0,0,0,0,0,0,0,3,3,3,5.8,318,81,6.7,230,104,5.9,138,68,0,0,0,0,0,0,0,0,0,0,0,0,0,3,2,2,6.6,135,121,7.2,223,41,0,0,0,0,0,0,0,0,0,0,0,0,0,0,0,0,3,3,3,6.5,113,41,7.1,204,123,5.4,287,67,0,0,0,0,0,0,0,0,0,0,0,0
20251209143956_B_1003600166_TR.jpg,TRUE,0,4,4,4,7.5,334,59,7.4,251,63,6.5,183,31,7,101,33,0,0,0,0,0,0,0,0,0,0,4,3,3,7.1,317,65,7.5,227,59,0,67,59,7,0,0,0,0,0,0,0,0,0,0,0,0,4,4,5,1.8,109,60,7.6,151,25,7.7,196,73,6.3,270,27,4.3,359,76,0,0,0,0,0,0,0,4,4,5,8.6,105,10,7.6,190,80,7.8,262,81,7.5,304,70,4.7,352,35,0,0,0,0,0,0
20251209144012_A_1003601868_TR.jpg,FALSE,0,3,3,3,5.9,305,102,6.3,222,89,6.3,131,23,0,0,0,0,0,0,0,0,0,0,0,0,0,3,1,1,0,131,50,0,0,0,6.6,0,0,0,0,0,0,0,0,0,0,0,0,0,0,0,4,3,4,6.5,36,31,0,127,89,6.7,208,97,6.5,292,34,4,0,0,0,0,0,0,0,0,0,4,2,3,7.4,119,86,5.6,196,71,0,285,109,0,0,0,6.4,0,0,0,0,0,0,0,0
20251209144116_A_1003532334_TR.jpg,TRUE,0,3,1,5,0,329,68,7.2,248,116,0,177,39,5.3,138,120,4.2,110,109,4,0,0,4.6,0,0,0,3,2,0,0,335,6,0,249,26,0,146,122,0,123,108,0,0,0,0,0,0,0,0,0,0,2,1,4,5.5,179,59,0,199,88,7.3,234,10,5.6,303,80,5.4,0,0,0,0,0,0,0,0,0,1,0,4,0,69,124,3.5,184,86,6.9,248,50,3.9,285,68,5.3,0,0,0,0,0,0,0,0
20251209144125_B_1003414283_TR.jpg,FALSE,0,4,3,4,4.8,325,50,5.1,248,70,4.6,174,75,0,46,50,3.1,0,0,0,0,0,0,0,0,0,4,3,3,5.3,324,78,5,248,4,5,173,14,0,0,0,0,0,0,0,0,0,0,0,0,0,4,3,3,5.5,97,27,5.5,173,74,5,245,36,0,0,0,0,0,0,0,0,0,0,0,0,0,4,3,0,0,105,64,0,185,53,0,263,53,0,0,0,0,0,0,0,0,0,0,0,0
20251209144222_A_1003592544_TR.jpg,TRUE,0,4,4,4,7.7,326,83,7.3,242,46,7.4,175,11,1.8,92,19,0,0,0,0,0,0,0,0,0,0,4,3,5,6.5,322,54,6.9,274,36,5.6,235,64,0,160,79,3.9,71,94,5.9,0,0,0,0,0,0,4,3,5,0,97,85,7.3,133,35,5.1,175,70,6.7,237,83,2.5,324,58,3.8,0,0,0,0,0,0,4,3,4,0,132,3,6.3,174,88,7.4,241,4,7.5,326,69,4.6,0,0,0,0,0,0,0,0
20251209144243_B_1003554289_TR.jpg,FALSE,0,3,2,2,6.2,308,44,0,138,64,4.8,0,0,0,0,0,0,0,0,0,0,0,0,0,0,0,3,2,3,6,389,71,6.9,306,28,0,218,8,5.7,0,0,0,0,0,0,0,0,0,0,0,0,4,2,3,0,130,4,7.7,209,11,6.5,289,87,0,0,0,6.9,0,0,0,0,0,0,0,0,0,3,3,3,3.7,127,51,2.4,207,124,6.8,299,120,0,0,0,0,0,0,0,0,0,0,0,0
20251209144421_A_1003519033_TR.jpg,FALSE,0,3,2,2,4.5,291,37,0,140,12,5.1,0,0,0,0,0,0,0,0,0,0,0,0,0,0,0,3,2,2,5.6,296,27,0,145,56,5.9,0,0,0,0,0,0,0,0,0,0,0,0,0,0,0,4,3,3,0,146,8,5.2,225,63,4.9,299,96,5.4,0,0,0,0,0,0,0,0,0,0,0,0,3,2,2,6.6,135,125,0,288,84,5.9,0,0,0,0,0,0,0,0,0,0,0,0,0,0
20251209144449_B_1003499038_TR.jpg,TRUE,0,4,2,3,0,299,52,5.4,218,15,5.5,141,112,0,0,0,5.7,0,0,0,0,0,0,0,0,0,3,3,0,0,312,67,0,224,93,0,138,120,0,0,0,0,0,0,0,0,0,0,0,0,0,3,3,3,6.3,130,86,5.5,212,101,5.7,294,25,0,0,0,0,0,0,0,0,0,0,0,0,0,3,3,4,2.5,122,91,6.4,164,122,6.1,202,42,2.6,289,91,0,0,0,0,0,0,0,0,0
20251209144514_A_1003498407_TR.jpg,FALSE,0,4,2,2,0,258,116,4.9,180,116,5.1,0,0,0,0,0,0,0,0,0,0,0,0,0,0,0,5,2,2,0,261,115,5.3,175,92,0,0,0,5.3,0,0,0,0,0,0,0,0,0,0,0,0,4,2,2,0,188,63,6,269,84,6.1,0,0,0,0,0,0,0,0,0,0,0,0,0,0,0,4,2,2,0,180,67,4.9,268,33,4.8,0,0,0,0,0,0,0,0,0,0,0,0,0,0
20251209144609_A_1003571353_TR.jpg,FALSE,0,3,3,4,6.1,297,37,6.3,213,75,6.2,131,84,3.6,51,17,0,0,0,0,0,0,0,0,0,0,3,3,4,5.9,383,39,7.1,299,65,6.2,213,92,1.8,128,91,0,0,0,0,0,0,0,0,0,0,3,3,3,6.9,152,18,6.4,226,86,6.3,309,34,0,0,0,0,0,0,0,0,0,0,0,0,0,3,3,3,5.9,135,76,6.3,216,20,6.1,305,29,0,0,0,0,0,0,0,0,0,0,0,0
20251209144609_B_1003601543_TR.jpg,FALSE,0,3,2,2,7.1,312,56,7.6,216,30,0,0,0,0,0,0,0,0,0,0,0,0,0,0,0,0,3,2,3,7.3,314,64,8,216,34,0,108,114,2.1,0,0,0,0,0,0,0,0,0,0,0,0,3,3,5,7.8,57,73,8.4,120,56,2.5,214,86,3.5,298,74,3.8,372,30,0,0,0,0,0,0,0,3,2,4,7.7,44,31,8,124,63,0,223,50,5,300,108,2.9,0,0,0,0,0,0,0,0
20251209144718_A_1003499045_TR.jpg,TRUE,0,3,3,4,5.3,399,42,5.1,308,112,5.2,221,17,3.4,160,57,0,0,0,0,0,0,0,0,0,0,4,2,2,0,226,6,6.7,166,118,6.7,0,0,0,0,0,0,0,0,0,0,0,0,0,0,0,3,3,3,5.4,119,20,6.2,205,43,5.7,269,89,0,0,0,0,0,0,0,0,0,0,0,0,0,5,2,4,0,124,90,7.2,163,71,0,198,94,6.9,248,121,0,0,0,2.2,0,0,2,0,0
20251209144752_B_1003518683_TR.jpg,TRUE,0,1,1,3,2.6,308,107,3,219,117,2.8,134,67,0,0,0,0,0,0,0,0,0,0,0,0,0,2,2,3,2.9,313,84,2.8,221,52,2.8,138,104,0,0,0,0,0,0,0,0,0,0,0,0,0,2,2,4,3.1,117,67,3.4,191,103,3.5,216,59,3,295,123,0,0,0,0,0,0,0,0,0,0,3,2,4,2.7,116,109,2.7,188,68,0,206,22,3.2,286,114,2.9,0,0,0,0,0,0,0,0
20251209144808_A_1003504127_TR.jpg,FALSE,0,3,3,3,5,299,53,4.8,218,84,4.6,126,90,0,0,0,0,0,0,0,0,0,0,0,0,0,3,3,3,6,303,117,5.4,208,42,5.4,118,30,0,0,0,0,0,0,0,0,0,0,0,0,0,3,3,3,6.2,127,29,5.1,202,9,5,278,28,0,0,0,0,0,0,0,0,0,0,0,0,0,3,3,3,6.4,146,119,6.2,237,38,6.8,329,33,0,0,0,0,0,0,0,0,0,0,0,0
20251209144904_A_1003393582_TR.jpg,FALSE,0,3,2,3,0,226,50,5.5,154,122,3.7,64,27,2.6,0,0,0,0,0,0,0,0,0,0,0,0,3,0,1,0,390,66,0,0,0,0,0,0,2.8,0,0,0,0,0,0,0,0,0,0,0,0,4,2,2,2.9,143,42,6.3,210,82,0,0,0,0,0,0,0,0,0,0,0,0,0,0,0,0,3,2,2,0,223,108,6.7,290,32,3,0,0,0,0,0,0,0,0,0,0,0,0,0,0
20251209144915_B_1003499013_TR.jpg,FALSE,0,4,3,3,5.6,321,71,6,248,98,6.5,173,97,0,0,0,0,0,0,0,0,0,0,0,0,0,4,3,3,5.4,325,9,5.5,248,8,5.8,173,55,0,0,0,0,0,0,0,0,0,0,0,0,0,4,3,3,6.9,103,49,6.9,174,57,6.9,249,97,0,0,0,0,0,0,0,0,0,0,0,0,0,5,3,3,5.9,83,30,6.3,159,75,5.9,230,95,0,0,0,0,0,0,0,0,0,0,0,0
20251209145015_A_1003320383_TR.jpg,FALSE,0,2,2,3,6,276,63,5.7,167,54,2.6,86,117,0,0,0,0,0,0,0,0,0,0,0,0,0,2,2,2,6,262,112,5.4,148,93,0,0,0,0,0,0,0,0,0,0,0,0,0,0,0,0,2,2,4,5.7,43,100,5.7,160,67,3.2,270,65,2.7,371,59,0,0,0,0,0,0,0,0,0,0,2,2,2,5.5,152,18,5.6,258,9,0,0,0,0,0,0,0,0,0,0,0,0,0,0,0
20251209145027_B_1002415726_TR.jpg,FALSE,0,3,0,1,0,236,95,0,0,0,0,0,0,2.8,0,0,0,0,0,0,0,0,0,0,0,0,2,1,1,1.9,280,31,0,0,0,0,0,0,0,0,0,0,0,0,0,0,0,0,0,0,0,3,1,1,0,218,109,2.6,0,0,0,0,0,0,0,0,0,0,0,0,0,0,0,0,0,0,3,2,2,3,165,73,3.9,251,78,0,0,0,0,0,0,0,0,0,0,0,0,0,0,0
20251209145154_A_1003519042_TR.jpg,FALSE,0,3,3,3,4,308,61,4.9,233,12,4,155,96,0,0,0,0,0,0,0,0,0,0,0,0,0,4,3,3,0,299,96,4.9,227,112,5.1,146,93,3.7,0,0,0,0,0,0,0,0,0,0,0,0,4,2,2,0,206,106,4.7,280,117,4.2,0,0,0,0,0,0,0,0,0,0,0,0,0,0,0,3,2,3,0,145,113,5.6,207,13,5.1,286,106,2.3,0,0,0,0,0,0,0,0,0,0,0
20251209145222_B_1003519028_TR.jpg,FALSE,0,4,1,1,0,223,43,4.9,0,0,0,0,0,0,0,0,0,0,0,0,0,0,0,0,0,0,3,2,2,5.5,292,21,5.1,210,35,0,0,0,0,0,0,0,0,0,0,0,0,0,0,0,0,3,3,3,5.9,138,14,5.9,218,49,2.2,290,117,0,0,0,0,0,0,0,0,0,0,0,0,0,3,0,0,0,0,0,0,0,0,0,0,0,0,0,0,0,0,0,0,0,0,0,0,0
20251209145322_B_1003518685_TR.jpg,FALSE,0,4,4,4,7,339,74,8.3,265,49,7.4,187,77,5.5,115,65,0,0,0,0,0,0,0,0,0,0,4,4,4,7.5,329,86,8.3,252,57,7.6,175,80,3.8,94,62,0,0,0,0,0,0,0,0,0,0,4,4,4,7,122,49,7.5,204,25,7.2,289,95,3.1,381,76,0,0,0,0,0,0,0,0,0,0,4,4,4,7.7,93,41,7.5,175,80,7.5,249,74,5.1,318,53,0,0,0,0,0,0,0,0,0
20251209145349_A_1003499009_TR.jpg,TRUE,0,2,1,5,5.4,340,59,0,308,63,2.1,294,8,4.6,160,44,5.5,39,3,4.1,0,0,0,0,0,0,3,1,2,0,239,83,5.8,164,79,0,0,0,5.9,0,0,0,0,0,0,0,0,0,0,0,0,3,2,7,0,42,29,5.3,91,24,3.8,107,70,2.5,180,64,5,263,93,4.3,343,52,4.5,393,78,0,4,4,6,5.2,50,15,5.5,87,48,4.6,164,22,3.8,240,70,3.3,318,40,3.4,361,65,0,0,0
20251209145450_A_1003498911_TR.jpg,FALSE,0,4,3,3,5.5,316,9,7,254,100,7.2,191,109,0,0,0,0,0,0,0,0,0,0,0,0,0,4,3,3,6.2,330,86,7.3,262,127,7.2,196,117,0,0,0,0,0,0,0,0,0,0,0,0,0,3,2,3,7.7,127,96,7.3,190,118,0,250,100,7.6,0,0,0,0,0,0,0,0,0,0,0,0,4,4,4,7,110,68,7.5,178,73,7.4,240,89,2.3,296,80,0,0,0,0,0,0,0,0,0
20251209145547_A_1003395436_TR.jpg,TRUE,0,4,0,0,0,0,0,0,0,0,0,0,0,0,0,0,0,0,0,0,0,0,0,0,0,0,3,2,4,5.9,334,96,4.5,244,88,0,142,7,1.6,125,91,3.3,0,0,0,0,0,0,0,0,0,3,0,0,0,0,0,0,0,0,0,0,0,0,0,0,0,0,0,0,0,0,0,0,0,0,3,3,4,4.7,100,68,4,192,99,4.1,291,104,3.8,344,98,0,0,0,0,0,0,0,0,0
20251209145631_B_1003499006_TR.jpg,TRUE,0,4,4,6,6.1,368,31,7.4,305,27,6.8,279,77,4.8,190,68,4.7,111,42,4.8,65,20,0,0,0,0,4,4,5,6.1,346,85,7.3,260,84,6.6,183,83,5.2,98,67,5.2,55,35,0,0,0,0,0,0,0,4,4,5,6.6,92,56,7.1,157,81,2.7,243,79,8,324,39,5.7,0,0,0,0,0,0,0,0,0,4,3,5,6.4,83,78,0,172,85,6.7,250,26,1.8,329,74,6.8,374,80,4.1,0,0,0,0,0
20251209145716_A_1003499014_TR.jpg,FALSE,0,4,4,4,4.8,350,81,5.2,274,43,4.7,210,73,4.1,135,4,0,0,0,0,0,0,0,0,0,0,4,4,5,4.8,392,62,5.3,320,93,4.9,245,97,4.2,179,66,2.8,102,31,0,0,0,0,0,0,0,4,4,5,5.4,40,9,5.7,125,73,5.5,194,59,4.3,255,25,8.8,324,89,0,0,0,0,0,0,0,5,4,4,5.8,98,96,0,175,88,6.4,240,84,6,320,32,5,0,0,0,0,0,0,0,0
20251209145755_B_1003499003_TR.jpg,TRUE,0,2,0,1,0,166,124,0,0,0,4.4,0,0,0,0,0,0,0,0,0,0,0,0,0,0,0,3,2,3,3.5,272,120,3,201,95,0,148,22,4.5,0,0,0,0,0,0,0,0,0,0,0,0,2,1,4,0,118,86,6.6,175,119,2.7,209,120,2.3,234,58,2.6,0,0,0,0,0,0,0,0,0,2,2,4,4.2,133,7,4.1,176,103,4.9,248,104,4.5,286,61,0,0,0,0,0,0,0,0,0
20251209145832_A_1003499025_TR.jpg,FALSE,0,3,2,3,0,390,111,5.9,216,104,6.1,138,99,5.9,0,0,0,0,0,0,0,0,0,0,0,0,3,2,2,0,222,86,5,134,105,4.8,0,0,0,0,0,0,0,0,0,0,0,0,0,0,0,4,1,1,0,212,118,6.3,0,0,0,0,0,0,0,0,0,0,0,0,0,0,0,0,0,0,3,2,3,0,92,50,5.5,214,120,5.6,299,8,9,0,0,0,0,0,0,0,0,0,0,0
20251209145913_B_1003499032_TR.jpg,FALSE,0,3,3,3,6.1,306,35,5.3,227,99,5.5,151,105,0,0,0,0,0,0,0,0,0,0,0,0,0,3,2,3,4.1,330,84,4.4,243,110,0,154,14,4.8,0,0,0,0,0,0,0,0,0,0,0,0,2,2,3,5.6,124,65,5.1,210,7,5.4,288,7,0,0,0,0,0,0,0,0,0,0,0,0,0,3,3,3,5,115,85,5.3,193,42,4.8,277,104,0,0,0,0,0,0,0,0,0,0,0,0
20251209151616_A_1003499002_TR.jpg,FALSE,0,3,3,5,5.5,356,46,5.7,303,37,4.6,211,23,2.5,121,56,3.6,56,100,0,0,0,0,0,0,0,4,3,4,0,314,99,4.9,218,119,5,132,111,4.2,57,96,2.3,0,0,0,0,0,0,0,0,0,3,3,3,5.4,124,15,5.6,212,14,5.6,299,52,0,0,0,0,0,0,0,0,0,0,0,0,0,3,3,4,4.9,39,28,5.3,101,102,4.5,195,105,2.7,282,63,0,0,0,0,0,0,0,0,0
20251209151616_B_1003499012_TR.jpg,FALSE,0,3,3,3,3.7,292,62,4.8,217,96,5.2,144,30,0,0,0,0,0,0,0,0,0,0,0,0,0,3,2,2,0,215,108,4.6,145,116,5.1,0,0,0,0,0,0,0,0,0,0,0,0,0,0,0,3,3,3,5.1,144,22,4.6,213,98,5.1,292,45,0,0,0,0,0,0,0,0,0,0,0,0,0,3,3,3,4.3,143,64,6.1,216,22,5.8,292,105,0,0,0,0,0,0,0,0,0,0,0,0
20251209151712_A_1003600641_TR.jpg,FALSE,0,5,4,4,5.3,328,78,0,254,115,4.4,179,11,4.7,101,108,5.8,0,0,0,0,0,0,0,0,0,5,4,4,0,335,81,5.5,250,94,5,179,22,5.4,99,88,5.8,0,0,0,0,0,0,0,0,0,3,3,4,4,106,104,4.3,186,103,4,279,45,5,349,105,0,0,0,0,0,0,0,0,0,0,4,4,4,6.5,94,79,6.1,172,75,6.1,258,72,7,335,84,0,0,0,0,0,0,0,0,0
20251209151726_B_1003592947_TR.jpg,FALSE,0,4,2,3,0,404,16,5.2,289,81,0,136,99,5.5,0,0,3,0,0,0,0,0,0,0,0,0,3,3,4,3.6,299,116,2.7,214,106,6.1,141,74,3.7,48,110,0,0,0,0,0,0,0,0,0,0,3,2,2,7.1,151,46,0,304,110,6.2,0,0,0,0,0,0,0,0,0,0,0,0,0,0,0,2,2,3,7,145,5,7,219,10,2.9,300,67,0,0,0,0,0,0,0,0,0,0,0,0
20251209151832_A_1003562476_TR.jpg,TRUE,0,3,2,4,5.6,402,25,5.2,363,107,0,312,54,7.7,230,17,3.1,0,0,0,0,0,0,0,0,0,3,3,4,5.5,293,29,5.5,217,52,5,137,7,3.5,52,46,0,0,0,0,0,0,0,0,0,0,3,2,4,5.9,76,92,5.9,154,41,0,226,41,2.9,385,67,2.5,0,0,0,0,0,0,0,0,0,3,3,5,5.9,38,78,5.7,76,90,5.2,147,92,2.2,224,52,6.5,301,99,0,0,0,0,0,0
20251209151911_B_1003295346_TR.jpg,FALSE,0,3,1,1,0,137,95,0,0,0,5.3,0,0,0,0,0,0,0,0,0,0,0,0,0,0,0,3,2,2,2.6,321,73,0,123,117,5.2,0,0,0,0,0,0,0,0,0,0,0,0,0,0,0,3,2,2,4.7,131,112,5.5,220,115,0,0,0,0,0,0,0,0,0,0,0,0,0,0,0,0,3,3,3,5.1,125,43,3.3,205,97,6.3,305,75,0,0,0,0,0,0,0,0,0,0,0,0
20251209152013_B_1003295345_TR.jpg,TRUE,0,4,4,4,4.7,311,97,5.6,240,94,4.8,194,106,4.4,123,100,0,0,0,0,0,0,0,0,0,0,4,2,2,0,190,83,0,114,91,5,0,0,4.9,0,0,0,0,0,0,0,0,0,0,0,0,4,4,5,5.2,122,43,5.5,159,73,5.4,189,70,4.6,237,44,2.5,303,36,0,0,0,0,0,0,0,4,2,3,0,100,111,5,173,43,0,295,39,4.6,0,0,4.8,0,0,0,0,0,0,0,0
20251209152237_A_1003498909_TR.jpg,TRUE,0,5,2,2,6.3,318,51,6.6,248,41,0,0,0,0,0,0,0,0,0,0,0,0,0,0,0,0,4,3,3,0,335,44,6.6,233,21,6.8,142,100,5.7,0,0,0,0,0,0,0,0,0,0,0,0,5,4,6,6.6,41,57,7.2,122,27,7.3,198,75,0,282,61,6.6,300,48,3.8,355,70,3.5,0,0,0,5,4,5,6.2,48,31,6.7,103,82,6.7,175,49,6.2,254,16,0,327,40,4,0,0,0,0,0
20251209152324_B_1003498916_TR.jpg,TRUE,0,3,3,3,m,294,101,0,276,86,4.8,144,112,0,0,0,0,0,0,0,0,0,0,0,0,0,4,2,2,0,302,117,5.2,143,122,0,0,0,5.9,0,0,0,0,0,0,0,0,0,0,0,0,4,3,3,0,147,98,5.6,216,55,5.4,286,63,5.5,0,0,0,0,0,0,0,0,0,0,0,0,3,3,3,5.9,128,33,5.7,204,18,5.9,278,102,0,0,0,0,0,0,0,0,0,0,0,0
20251209152339_A_1003499037_TR.jpg,FALSE,0,4,2,3,5.9,317,46,0,246,84,4.5,170,72,0,0,0,5,0,0,0,0,0,0,0,0,0,4,4,4,5.4,316,20,4.6,237,53,4.3,163,81,4.3,97,26,0,0,0,0,0,0,0,0,0,0,4,4,4,6.1,122,33,4.8,203,30,4.5,289,31,4.6,357,57,0,0,0,0,0,0,0,0,0,0,4,4,4,5.7,99,40,5,176,41,5,256,95,4.9,321,83,0,0,0,0,0,0,0,0,0
20251209152528_A_1003498918_TR.jpg,FALSE,0,4,3,4,8,308,78,7.5,232,29,0,150,84,6.7,87,74,7.5,0,0,0,0,0,0,0,0,0,4,4,4,6.9,324,73,6.7,243,53,6.9,159,85,5.8,90,76,0,0,0,0,0,0,0,0,0,0,4,4,4,5.7,124,37,5.7,208,15,5.9,296,71,4.8,366,64,0,0,0,0,0,0,0,0,0,0,4,3,3,0,196,78,7.4,293,99,6.7,365,55,6.1,0,0,0,0,0,0,0,0,0,0,0
20251209152549_B_1003499028_TR.jpg,FALSE,0,4,4,4,5.2,354,41,5.2,277,18,4.9,202,62,4.9,113,50,0,0,0,0,0,0,0,0,0,0,4,4,4,5.4,356,70,5.3,278,88,5.2,205,72,4.7,116,80,0,0,0,0,0,0,0,0,0,0,4,3,5,5.7,47,66,0,115,46,5.9,185,81,5.7,254,59,2.4,341,57,5.4,0,0,0,0,0,0,4,4,4,5.9,111,3,5.5,182,4,5.7,253,6,6.3,344,60,0,0,0,0,0,0,0,0,0
20251209152638_A_1003499029_TR.jpg,FALSE,0,4,3,4,7,325,32,7.4,243,67,7.4,169,65,0,39,29,5,0,0,0,0,0,0,0,0,0,4,3,4,6.5,374,7,6.9,315,38,7.1,233,61,0,160,54,3.1,0,0,0,0,0,0,0,0,0,3,2,2,6.9,189,51,7.4,306,52,0,0,0,0,0,0,0,0,0,0,0,0,0,0,0,0,4,4,4,7.2,97,75,7.2,170,47,7.2,242,36,6.8,320,15,0,0,0,0,0,0,0,0,0
20251209152716_B_1003499023_TR.jpg,TRUE,0,3,3,5,5.4,315,82,3.9,244,52,3.7,152,36,3,104,41,2.7,40,33,0,0,0,0,0,0,0,3,3,5,5.4,393,40,4,326,83,3.4,249,89,6.3,158,78,3.1,38,59,0,0,0,0,0,0,0,3,3,3,5.4,93,82,4.7,169,85,4.3,251,23,0,0,0,0,0,0,0,0,0,0,0,0,0,3,3,3,4.5,137,75,4.7,216,107,4.3,318,25,0,0,0,0,0,0,0,0,0,0,0,0
20251209152746_A_1003499036_TR.jpg,FALSE,0,4,2,3,6.1,398,90,4.6,320,67,0,246,96,0,0,0,8.7,0,0,0,0,0,0,0,0,0,3,0,0,0,0,0,0,0,0,0,0,0,0,0,0,0,0,0,0,0,0,0,0,0,0,4,2,2,0,216,91,0,297,51,6.7,0,0,6.2,0,0,0,0,0,0,0,0,0,0,0,0,4,3,3,5.4,126,79,6.1,200,85,6.1,280,72,0,0,0,0,0,0,0,0,0,0,0,0
20251209152818_B_1003499001_TR.jpg,TRUE,0,4,2,3,4.4,382,53,7.5,288,86,0,133,91,0,0,0,6.9,0,0,0,0,0,0,0,0,0,3,3,4,5.7,384,64,7.3,289,24,5.8,204,94,5.4,126,64,0,0,0,0,0,0,0,0,0,0,3,3,4,4.1,57,29,7.3,123,89,5.3,224,11,3.6,376,85,0,0,0,0,0,0,0,0,0,0,3,2,4,5.9,119,73,0,216,3,5.9,333,60,5.9,374,84,6.7,0,0,0,0,0,0,0,0
20251209152850_A_1003499034_TR.jpg,FALSE,0,3,3,4,4.9,303,97,5.2,222,6,4.9,138,84,2.4,70,65,0,0,0,0,0,0,0,0,0,0,3,3,3,3,299,100,2.8,225,29,2.6,108,46,0,0,0,0,0,0,0,0,0,0,0,0,0,3,3,3,3.8,132,35,3.9,206,93,4,322,57,0,0,0,0,0,0,0,0,0,0,0,0,0,3,2,3,4.1,118,71,4,193,91,0,306,109,3.9,0,0,0,0,0,0,0,0,0,0,0
20251209152933_B_1003499044_TR.jpg,FALSE,0,4,3,3,5.1,304,76,4.8,222,90,0,146,35,4.6,0,0,0,0,0,0,0,0,0,0,0,0,3,3,4,5.6,391,69,4.8,296,58,4.6,212,69,2.5,130,16,0,0,0,0,0,0,0,0,0,0,4,3,3,5,150,82,0,221,91,4.9,297,16,4.8,0,0,0,0,0,0,0,0,0,0,0,0,2,2,5,5.7,33,44,4.9,136,48,3.3,217,89,5.2,299,82,2.8,360,41,0,0,0,0,0,0
20251209153106_A_1003499043_TR.jpg,FALSE,0,4,3,3,3,293,99,0,209,91,4,133,48,2.6,0,0,0,0,0,0,0,0,0,0,0,0,3,3,3,4.4,304,77,5.1,220,18,3.8,130,29,0,0,0,0,0,0,0,0,0,0,0,0,0,4,3,3,0,138,46,2.9,221,89,4.4,298,49,3.4,0,0,0,0,0,0,0,0,0,0,0,0,3,3,4,4.7,78,105,5.4,144,33,4.3,220,74,2.9,304,103,0,0,0,0,0,0,0,0,0
20251209153139_B_1003499042_TR.jpg,FALSE,0,4,4,4,5.3,349,71,4.6,271,16,4.1,187,14,4.7,127,4,0,0,0,0,0,0,0,0,0,0,4,4,4,5.1,326,28,4.5,238,81,4.6,148,58,5.1,82,87,0,0,0,0,0,0,0,0,0,0,4,4,4,5.5,86,55,5.1,163,71,4.4,244,75,4.9,303,65,0,0,0,0,0,0,0,0,0,0,4,4,0,0,100,69,0,192,82,0,290,9,0,362,40,0,0,0,0,0,0,0,0,0
20251209153253_B_1003504449_TR.jpg,TRUE,0,5,3,6,5.4,371,14,0,336,2,0,303,77,5.2,224,12,5.2,148,6,3.4,81,41,4.3,0,0,0,4,3,4,0,313,60,5.5,228,81,5.6,152,9,5.2,89,8,3.5,0,0,0,0,0,0,0,0,0,4,3,4,0,151,77,5,239,79,5.6,320,55,5.2,387,92,3.3,0,0,0,0,0,0,0,0,0,3,3,5,5.2,134,36,5.4,213,81,5,293,4,3.2,355,60,2.5,374,3,0,0,0,0,0,0
20251209153547_A_1003498725_TR.jpg,FALSE,0,4,3,4,7.6,301,48,8.2,222,14,8.3,141,65,0,67,30,8.9,0,0,0,0,0,0,0,0,0,2,2,2,7.4,255,65,8,127,76,0,0,0,0,0,0,0,0,0,0,0,0,0,0,0,0,4,3,3,7,90,75,7.2,173,15,7.1,240,64,0,0,0,0,0,0,0,0,0,0,0,0,0,4,3,3,7.2,125,51,7.9,218,78,7.4,310,97,0,0,0,0,0,0,0,0,0,0,0,0
20251209153912_A_1003499026_TR.jpg,FALSE,0,4,4,4,3.2,329,52,5.6,267,69,5.5,184,95,5.1,123,57,0,0,0,0,0,0,0,0,0,0,3,1,1,0,212,119,3.5,0,0,0,0,0,0,0,0,0,0,0,0,0,0,0,0,0,0,5,3,0,0,70,81,0,115,81,0,160,77,0,198,58,0,242,20,0,299,79,0,0,0,0,2,2,2,3.5,120,113,2.7,292,105,0,0,0,0,0,0,0,0,0,0,0,0,0,0,0
20251209153938_B_1003499019_TR.jpg,FALSE,0,3,1,3,0,401,7,6.3,307,108,0,219,20,8.1,0,0,6.2,0,0,0,0,0,0,0,0,0,3,3,3,6.2,320,112,6.7,226,28,6.2,134,115,0,0,0,0,0,0,0,0,0,0,0,0,0,3,2,3,6.2,116,50,6.6,205,93,0,385,42,2.5,0,0,0,0,0,0,0,0,0,0,0,0,3,3,4,6.5,44,18,6.8,109,89,6.3,193,96,8.4,282,43,0,0,0,0,0,0,0,0,0
20251209154011_A_1003516573_TR.jpg,FALSE,0,3,3,3,3.4,305,117,3.1,218,9,3.1,133,65,0,0,0,0,0,0,0,0,0,0,0,0,0,3,3,3,2.9,309,107,3,218,80,2.8,130,115,0,0,0,0,0,0,0,0,0,0,0,0,0,4,2,3,3.9,121,57,3.6,204,56,0,283,110,0,0,0,3.5,0,0,0,0,0,0,0,0,0,3,3,3,4.1,117,114,3.7,197,110,3.2,288,111,0,0,0,0,0,0,0,0,0,0,0,0
20251209154047_B_1003498910_TR.jpg,FALSE,0,3,3,3,3.7,304,75,4.5,217,92,4.6,134,95,0,0,0,0,0,0,0,0,0,0,0,0,0,3,2,2,6.6,302,96,6.8,212,10,0,0,0,0,0,0,0,0,0,0,0,0,0,0,0,0,3,3,3,4.4,126,22,4.7,216,5,4.4,295,88,0,0,0,0,0,0,0,0,0,0,0,0,0,3,2,3,6.3,127,41,7.1,221,80,0,385,108,2.5,0,0,0,0,0,0,0,0,0,0,0
20251209154100_A_1003516558_TR.jpg,FALSE,0,3,2,3,3.8,303,43,3.9,223,108,0,139,106,3,0,0,0,0,0,0,0,0,0,0,0,0,4,2,3,0,284,13,0,218,103,4.3,129,116,3.4,0,0,2.8,0,0,0,0,0,0,0,0,0,0,0,3,4.3,120,83,4,198,8,3.2,269,91,0,0,0,0,0,0,0,0,0,0,0,0,0,5,2,2,0,214,99,0,301,116,0,0,0,4.5,0,0,3.9,0,0,0,0,0,0,0,0
20251209154204_A_1003516563_TR.jpg,FALSE,0,3,3,3,3.8,308,29,4.5,222,102,4.8,134,105,0,0,0,0,0,0,0,0,0,0,0,0,0,3,3,3,4.7,319,119,5.4,232,39,5.4,137,40,0,0,0,0,0,0,0,0,0,0,0,0,0,4,3,3,0,128,95,4.9,218,101,4.8,298,92,4.2,0,0,0,0,0,0,0,0,0,0,0,0,3,3,3,4.4,126,100,4.6,215,106,4.1,296,26,0,0,0,0,0,0,0,0,0,0,0,0
20251209154211_B_1003516565_TR.jpg,FALSE,0,4,2,2,0,240,90,0,97,80,4,0,0,3.5,0,0,0,0,0,0,0,0,0,0,0,0,4,2,3,0,283,113,0,160,43,3.8,124,35,4.7,0,0,4.7,0,0,0,0,0,0,0,0,0,3,1,4,0,99,4,4.7,146,6,0,181,90,4,282,34,3.9,0,0,3.5,0,0,0,0,0,0,5,1,2,0,171,106,6.2,270,58,0,0,0,0,0,0,0,0,0,8.6,0,0,0,0,0
20251209154251_A_1003516559_TR.jpg,FALSE,0,3,1,1,0,143,94,0,0,0,2.4,0,0,0,0,0,0,0,0,0,0,0,0,0,0,0,3,3,3,5.1,316,68,4.4,221,64,5,126,20,0,0,0,0,0,0,0,0,0,0,0,0,0,4,3,3,3.5,117,35,4.2,199,101,3.4,276,85,0,0,0,0,0,0,0,0,0,0,0,0,0,3,3,3,5.2,113,84,4.5,205,45,5.4,302,59,0,0,0,0,0,0,0,0,0,0,0,0
20251209154314_B_1003601864_TR.jpg,FALSE,0,3,3,3,3.7,285,60,4.1,207,85,4,129,13,0,0,0,0,0,0,0,0,0,0,0,0,0,3,2,3,5.7,284,9,0,196,111,5.7,105,34,5.8,0,0,0,0,0,0,0,0,0,0,0,0,4,3,3,4.3,144,23,4.3,221,26,4.6,297,29,0,0,0,0,0,0,0,0,0,0,0,0,0,3,2,3,0,131,108,6.5,215,88,7,299,98,6.2,0,0,0,0,0,0,0,0,0,0,0
20251209154420_A_1003499008_TR.jpg,TRUE,0,3,3,5,7,321,87,6.4,288,14,6.3,238,58,5.3,183,62,6.1,113,73,0,0,0,0,0,0,0,3,3,7,7,319,13,6.8,282,49,3.4,229,97,4,175,98,2.6,156,57,4.2,121,8,5,98,31,0,4,4,4,7.4,119,72,7.4,213,24,8.6,277,25,5.6,355,93,0,0,0,0,0,0,0,0,0,0,3,3,5,7.1,93,43,7.2,125,38,7.1,180,56,4.4,234,88,5,298,56,0,0,0,0,0,0
20251209154608_B_1003499005_TR.jpg,FALSE,0,4,3,3,0,321,49,4.7,236,62,6.4,154,34,6,0,0,0,0,0,0,0,0,0,0,0,0,3,3,4,6.4,390,27,7,314,68,6.7,219,70,3.2,129,64,0,0,0,0,0,0,0,0,0,0,4,3,5,0,46,67,4.5,120,5,5.5,211,23,5.4,289,2,1.7,351,69,3.6,0,0,0,0,0,0,3,3,3,4.4,109,58,5.5,198,49,5.2,282,63,0,0,0,0,0,0,0,0,0,0,0,0
20251209154746_B_1003499039_TR.jpg,FALSE,0,4,3,3,5.9,349,26,7.1,271,24,6.7,193,51,0,0,0,0,0,0,0,0,0,0,0,0,0,4,4,4,6,324,9,7.2,248,66,6.4,173,58,5.9,102,78,0,0,0,0,0,0,0,0,0,0,4,4,4,5.4,129,9,6.1,207,42,6.5,284,71,5.6,363,83,0,0,0,0,0,0,0,0,0,0,4,4,4,5.8,111,16,6.6,193,49,6.7,273,29,4.1,352,89,0,0,0,0,0,0,0,0,0
20251209154922_A_1003516572_TR.jpg,FALSE,0,3,3,5,5.4,390,125,5.5,297,37,5.8,217,86,3.1,137,77,3.2,73,8,0,0,0,0,0,0,0,3,1,3,0,231,100,0,143,98,5.9,59,49,5.8,0,0,2.7,0,0,0,0,0,0,0,0,0,3,3,3,6.3,148,47,6.1,225,39,5.8,298,28,0,0,0,0,0,0,0,0,0,0,0,0,0,3,3,3,5.4,144,116,5.8,224,90,5.2,305,25,0,0,0,0,0,0,0,0,0,0,0,0
20251209155009_B_1003499035_TR.jpg,FALSE,0,4,4,5,5.2,366,88,6,282,3,6.1,207,79,5.3,118,16,2.9,54,24,0,0,0,0,0,0,0,4,4,4,4.9,347,35,5.7,262,57,5.4,181,16,4.7,93,6,0,0,0,0,0,0,0,0,0,0,4,3,4,0,103,1,5.7,186,36,5.6,252,57,7.3,334,14,5.5,0,0,0,0,0,0,0,0,0,4,4,4,5.2,97,13,5.8,175,47,5.4,255,53,5,345,30,0,0,0,0,0,0,0,0,0
20251209155031_A_1003516552_TR.jpg,FALSE,0,4,2,2,0,233,59,2.5,179,107,3.4,0,0,0,0,0,0,0,0,0,0,0,0,0,0,0,3,2,4,5.7,385,22,5.4,330,63,0,245,83,5.9,191,85,5.7,0,0,0,0,0,0,0,0,0,4,3,5,4.3,45,76,7,109,99,6.5,192,58,0,243,79,3.7,286,62,2,0,0,0,0,0,0,4,1,2,0,43,4,6.8,178,38,0,0,0,0,0,0,8.6,0,0,0,0,0,0,0,0
20251209155144_A_1003499024_TR.jpg,FALSE,0,4,2,2,0,192,46,0,112,71,2.4,0,0,7.9,0,0,0,0,0,0,0,0,0,0,0,0,4,3,3,0,280,84,5.9,199,78,6,97,60,8.2,0,0,0,0,0,0,0,0,0,0,0,0,4,3,3,4.2,86,94,7.2,173,87,7.9,236,58,0,0,0,0,0,0,0,0,0,0,0,0,0,4,3,3,0,173,75,8.7,233,97,3.4,330,99,7.8,0,0,0,0,0,0,0,0,0,0,0
20251209155215_B_1003600599_TR.jpg,TRUE,0,4,4,4,2.8,318,78,4.6,255,65,4.2,193,66,2.8,128,45,0,0,0,0,0,0,0,0,0,0,4,4,5,5.3,330,114,3.4,259,113,5.3,184,61,4.6,111,9,2.4,60,112,0,0,0,0,0,0,0,4,4,4,3.1,123,85,4.1,191,56,4.4,253,47,3.2,317,25,0,0,0,0,0,0,0,0,0,0,4,4,5,4.7,114,111,6.6,188,86,2.2,246,88,5.9,267,103,2,330,47,0,0,0,0,0,0
20251209155251_A_1003516571_TR.jpg,FALSE,0,3,2,3,4,298,57,3.9,168,83,0,93,48,2.7,0,0,0,0,0,0,0,0,0,0,0,0,2,2,2,4.1,305,69,5,170,20,0,0,0,0,0,0,0,0,0,0,0,0,0,0,0,0,3,2,3,4.3,136,103,0,259,42,4,314,76,2.2,0,0,0,0,0,0,0,0,0,0,0,0,2,2,2,3.5,106,25,4.8,242,52,0,0,0,0,0,0,0,0,0,0,0,0,0,0,0
20251209155355_A_1003516557_TR.jpg,TRUE,0,4,3,3,5.4,325,46,7.1,250,15,6.7,188,53,0,0,0,0,0,0,0,0,0,0,0,0,0,4,4,4,5.7,320,14,8.2,246,88,7,184,91,6.7,109,35,0,0,0,0,0,0,0,0,0,0,4,3,6,0,123,5,7,184,67,7,241,93,6.3,276,71,5.9,312,62,2.8,354,50,4.1,0,0,0,4,3,5,0,55,5,7,177,25,6.7,235,97,5.2,304,66,4,346,52,3.2,0,0,0,0,0
20251209155411_B_1003499033_TR.jpg,FALSE,0,3,3,3,3.7,330,36,3.9,253,75,3.7,181,30,0,0,0,0,0,0,0,0,0,0,0,0,0,4,4,4,5.2,335,66,5.4,260,56,4.8,183,80,4.5,121,86,0,0,0,0,0,0,0,0,0,0,3,3,3,3.7,118,68,4,193,45,4.8,273,80,0,0,0,0,0,0,0,0,0,0,0,0,0,2,2,2,4.6,170,48,4.5,260,31,0,0,0,0,0,0,0,0,0,0,0,0,0,0,0
20251209155455_A_1003499052_TR.jpg,FALSE,0,3,2,2,6.3,291,78,6.5,207,47,0,0,0,0,0,0,0,0,0,0,0,0,0,0,0,0,3,3,3,6.1,298,36,6.2,213,85,6.2,127,40,0,0,0,0,0,0,0,0,0,0,0,0,0,3,3,3,6.7,150,72,7.2,241,57,6.1,338,72,0,0,0,0,0,0,0,0,0,0,0,0,0,3,3,3,6.3,118,46,7.2,211,21,5.7,301,89,0,0,0,0,0,0,0,0,0,0,0,0
20251209155550_B_1003536626_TR.jpg,TRUE,0,1,0,5,0,322,30,4,256,42,4.1,182,7,5.7,129,54,2.5,107,97,3.6,0,0,0,0,0,0,2,1,5,6.7,307,67,0,239,95,4,174,78,6,120,79,2.4,80,50,3.5,0,0,0,0,0,0,2,2,5,5.5,111,86,6.1,191,87,4.4,252,12,4.3,294,35,5.5,341,97,0,0,0,0,0,0,0,4,3,5,0,78,82,6.2,177,90,6.2,237,90,5.7,294,13,4.2,328,103,3.8,0,0,0,0,0
20251209155700_A_100360186V_TR.jpg,TRUE,0,3,3,4,3.3,324,79,4.5,303,95,3.1,214,43,3.3,101,58,0,0,0,0,0,0,0,0,0,0,3,2,0,0,202,85,0,92,90,0,0,0,0,0,0,0,0,0,0,0,0,0,0,0,0,2,2,4,4.1,107,28,3.7,121,49,3.5,216,36,2.8,330,10,0,0,0,0,0,0,0,0,0,0,3,2,3,0,104,81,6.2,215,91,4.1,325,65,5,0,0,0,0,0,0,0,0,0,0,0
20251209155753_B_1003602094_TR.jpg,FALSE,0,3,3,4,5.1,326,99,5.3,226,96,4.8,140,68,3.1,71,107,0,0,0,0,0,0,0,0,0,0,3,3,3,4.2,309,104,4.3,224,106,4,125,106,0,0,0,0,0,0,0,0,0,0,0,0,0,4,3,3,5.1,112,46,5.2,198,88,4.7,286,86,0,0,0,0,0,0,0,0,0,0,0,0,0,3,3,3,4.4,117,14,5.3,213,16,4.8,306,116,0,0,0,0,0,0,0,0,0,0,0,0
20251209155809_A_1003516570_TR.jpg,TRUE,0,4,4,4,4.5,318,31,5.7,246,77,6,186,95,4.8,121,53,0,0,0,0,0,0,0,0,0,0,4,4,4,5.2,324,83,5.5,247,16,5.5,191,104,4.7,114,32,0,0,0,0,0,0,0,0,0,0,5,3,3,0,192,87,5.4,246,53,5.4,316,12,5.2,0,0,0,0,0,0,0,0,0,0,0,0,5,3,6,5.1,97,29,6.4,129,97,5.9,168,83,0,226,35,0,284,90,2.2,343,5,2.7,0,0
20251209155838_B_1003569667_TR.jpg,TRUE,0,2,1,5,0,363,22,5.2,246,78,2.9,180,99,6,147,17,4.7,53,94,4.5,0,0,0,0,0,0,1,1,5,5.6,366,121,1.8,255,75,6.1,187,93,1.9,162,5,4.1,135,11,0,0,0,0,0,0,0,1,0,5,0,244,121,7.1,271,103,2.2,306,94,1.9,336,37,6.6,364,24,6.4,0,0,0,0,0,0,2,0,3,0,184,98,0,229,102,1.8,348,109,2.4,0,0,4.4,0,0,0,0,0,0,0,0
20251209155928_A_1003601862_TR.jpg,FALSE,0,3,3,3,3.4,340,42,3.8,225,41,2.5,108,63,0,0,0,0,0,0,0,0,0,0,0,0,0,3,3,3,4.5,318,96,5.9,206,67,4.7,95,55,0,0,0,0,0,0,0,0,0,0,0,0,0,3,2,2,0,221,21,4.4,327,90,3.8,0,0,0,0,0,0,0,0,0,0,0,0,0,0,0,3,2,3,0,102,90,6.5,210,32,4.3,313,62,5.4,0,0,0,0,0,0,0,0,0,0,0
20251209160026_B_1003516566_TR.jpg,FALSE,0,4,4,5,5.6,366,15,6.9,268,85,6.5,207,84,6.1,114,17,2.6,60,45,0,0,0,0,0,0,0,4,4,5,5.6,311,94,6.5,228,87,6.3,174,28,5.8,81,7,2.8,36,44,0,0,0,0,0,0,0,4,4,5,5.6,53,68,6.6,110,35,7.1,218,8,9.2,277,70,3.1,381,42,0,0,0,0,0,0,0,4,4,6,5.3,40,102,6.3,101,59,6.4,141,21,7.5,204,99,2.3,256,57,6.1,358,24,0,0,0
20251209160119_A_1003601881_TR.jpg,FALSE,0,4,3,4,5.9,309,41,5.3,239,59,5.1,174,34,0,110,18,5.6,0,0,0,0,0,0,0,0,0,4,4,4,6.3,304,51,5.8,232,48,5.4,169,51,6.1,101,36,0,0,0,0,0,0,0,0,0,0,4,4,4,6.4,121,74,5.8,185,78,5.8,245,67,6.2,311,24,0,0,0,0,0,0,0,0,0,0,4,4,4,7.3,103,53,6.2,179,65,5.8,235,53,6.1,307,60,0,0,0,0,0,0,0,0,0
20251209160348_A_1003499004_TR.jpg,FALSE,0,4,4,4,4.8,339,11,5.3,257,18,5.6,182,44,7.7,100,68,0,0,0,0,0,0,0,0,0,0,5,4,4,5,316,70,0,243,62,5.7,166,76,5.9,86,81,9.5,0,0,0,0,0,0,0,0,0,5,3,4,5,90,41,0,173,80,0,244,24,5.6,323,25,5.3,0,0,5.4,0,0,0,0,0,0,4,4,4,5.2,91,25,5.7,178,72,5.8,258,59,5.4,345,66,0,0,0,0,0,0,0,0,0
20251209160455_B_1003608080_TR.jpg,TRUE,0,4,4,4,6.8,327,65,6.9,245,53,7,165,67,3.9,82,42,0,0,0,0,0,0,0,0,0,0,5,4,5,0,318,76,0,240,12,6.8,148,68,7.1,74,59,6.8,53,37,4.2,37,30,3.2,0,0,0,4,4,5,7.2,103,28,7,182,76,7,254,58,3,330,72,0.4,355,77,0,0,0,0,0,0,0,4,3,4,7,87,18,6.9,171,81,7,266,20,0,369,93,1.7,0,0,0,0,0,0,0,0
20251209160521_A_1003499027_TR.jpg,FALSE,0,3,3,3,4.9,292,65,5.6,214,84,5.9,136,75,0,0,0,0,0,0,0,0,0,0,0,0,0,3,3,3,4.6,303,79,5.4,214,59,5.6,132,85,0,0,0,0,0,0,0,0,0,0,0,0,0,3,3,3,6.3,132,82,6,210,68,4.7,297,53,0,0,0,0,0,0,0,0,0,0,0,0,0,3,3,4,5.7,127,111,5.8,207,20,6,292,31,3.2,369,38,0,0,0,0,0,0,0,0,0
20251209160558_B_1003601863_TR.jpg,FALSE,0,5,3,3,5.3,305,89,0,227,6,5.2,146,38,4.8,0,0,0,0,0,0,0,0,0,0,0,0,3,3,3,5.4,273,6,5.1,201,8,5,133,18,0,0,0,0,0,0,0,0,0,0,0,0,0,3,3,3,4.5,142,98,5.2,225,98,5.3,307,65,0,0,0,0,0,0,0,0,0,0,0,0,0,3,3,3,5.3,131,47,4.9,214,64,4.9,301,57,0,0,0,0,0,0,0,0,0,0,0,0
20251209160804_B_1003406855_TR.jpg,TRUE,0,3,3,4,5.2,301,105,5.5,219,81,5.2,136,43,3.6,114,7,0,0,0,0,0,0,0,0,0,0,4,3,3,5.1,288,113,0,199,111,7.3,109,115,3,0,0,0,0,0,0,0,0,0,0,0,0,3,3,3,5.4,133,64,6.1,224,31,6.1,302,40,0,0,0,0,0,0,0,0,0,0,0,0,0,3,3,3,7.6,111,70,7.7,205,107,3.2,292,115,0,0,0,0,0,0,0,0,0,0,0,0
20251209160858_A_1003569439_TR.jpg,FALSE,0,3,3,3,5.3,299,13,4.7,216,112,5.1,126,109,0,0,0,0,0,0,0,0,0,0,0,0,0,3,3,3,5.3,294,77,5,203,101,5.4,117,72,0,0,0,0,0,0,0,0,0,0,0,0,0,3,3,3,5.5,130,73,4.5,215,92,5.4,298,116,0,0,0,0,0,0,0,0,0,0,0,0,0,3,3,3,5.6,140,41,4.9,230,72,5.3,323,60,0,0,0,0,0,0,0,0,0,0,0,0
20251209160915_B_1003602951_TR.jpg,TRUE,0,4,3,4,0,307,52,5.2,234,28,5.2,187,58,2.9,109,41,2.6,0,0,0,0,0,0,0,0,0,4,4,4,3.5,320,56,5.8,242,55,5.6,192,85,3.9,109,27,0,0,0,0,0,0,0,0,0,0,4,2,6,6.5,117,88,6.4,165,43,0,193,33,0,240,74,4.8,293,64,2.6,314,32,4.8,0,0,0,5,3,5,0,113,103,7.1,194,62,0,243,60,6.6,324,43,4.5,373,103,5.6,0,0,2.9,0,0
20251209161005_A_1003571316_TR.jpg,FALSE,0,3,3,3,8,310,32,7.4,228,17,8,117,13,0,0,0,0,0,0,0,0,0,0,0,0,0,3,2,2,8.5,287,74,7.7,201,85,0,0,0,0,0,0,0,0,0,0,0,0,0,0,0,0,3,3,3,7.5,117,39,7.6,195,83,1.8,298,56,0,0,0,0,0,0,0,0,0,0,0,0,0,3,3,3,7.7,131,78,8.1,217,48,7.8,338,95,0,0,0,0,0,0,0,0,0,0,0,0
20251209161022_B_1003518687_TR.jpg,TRUE,0,3,2,4,3.7,370,80,0,355,90,5.1,285,93,3.7,136,99,4.4,0,0,0,0,0,0,0,0,0,3,2,2,5.3,315,29,0,138,41,2.8,0,0,0,0,0,0,0,0,0,0,0,0,0,0,0,4,3,4,4.7,69,33,0,166,21,5.2,251,7,5.3,334,19,3.2,0,0,0,0,0,0,0,0,0,3,2,3,0,136,76,3.4,205,107,5.9,286,66,4.6,0,0,0,0,0,0,0,0,0,0,0
20251209161122_B_1003571315_TR.jpg,FALSE,0,4,4,4,5.6,317,58,5.7,245,80,5.7,170,38,5,95,79,0,0,0,0,0,0,0,0,0,0,4,4,4,3.1,370,74,3.5,286,49,2.8,196,46,2.5,113,19,0,0,0,0,0,0,0,0,0,0,4,3,4,0,117,1,5.4,187,63,5.6,263,57,5.2,336,25,5.3,0,0,0,0,0,0,0,0,0,4,3,4,0,185,56,3.5,260,32,3.7,330,67,3.1,0,0,3.1,0,0,0,0,0,0,0,0
20251209161126_A_1003571354_TR.jpg,TRUE,0,1,1,2,5.6,221,87,4.8,126,103,0,0,0,0,0,0,0,0,0,0,0,0,0,0,0,0,2,2,3,4.3,324,84,4.2,212,76,3.3,104,25,0,0,0,0,0,0,0,0,0,0,0,0,0,1,0,3,0,124,53,5.5,231,7,5.5,332,107,5.1,0,0,0,0,0,0,0,0,0,0,0,0,1,1,4,6.5,88,6,3.2,112,77,2.1,216,94,5,321,99,0,0,0,0,0,0,0,0,0
20251209161235_A_1003599360_TR.jpg,FALSE,0,1,0,0,0,0,0,0,0,0,0,0,0,0,0,0,0,0,0,0,0,0,0,0,0,0,0,0,0,0,0,0,0,0,0,0,0,0,0,0,0,0,0,0,0,0,0,0,0,0,0,0,0,0,0,0,0,0,0,0,0,0,0,0,0,0,0,0,0,0,0,0,0,0,0,0,0,0,0,0,0,0,0,0,0,0,0,0,0,0,0,0,0,0,0,0,0,0,0,0
20251209161235_B_1003516063_TR.jpg,FALSE,0,3,2,3,0,225,91,4.9,143,104,5.5,61,118,2.7,0,0,0,0,0,0,0,0,0,0,0,0,3,2,3,0,395,120,4.1,220,89,4.6,138,118,2.5,0,0,0,0,0,0,0,0,0,0,0,0,3,2,4,0,99,86,4.9,136,114,5.3,202,40,2,281,95,1.9,0,0,0,0,0,0,0,0,0,4,2,3,0,52,116,5.1,189,74,4.4,272,107,0,0,0,6.1,0,0,0,0,0,0,0,0
20251209161338_B_1003519030_TR.jpg,FALSE,0,3,2,2,5.5,290,101,0,136,76,5.5,0,0,0,0,0,0,0,0,0,0,0,0,0,0,0,3,2,2,5.7,301,92,0,140,119,6.1,0,0,0,0,0,0,0,0,0,0,0,0,0,0,0,3,3,4,5.6,148,81,5.5,223,114,6,295,121,2.5,390,17,0,0,0,0,0,0,0,0,0,0,3,2,2,6.6,133,119,0,289,108,5.8,0,0,0,0,0,0,0,0,0,0,0,0,0,0
20251209161355_A_1003602033_TR.jpg,TRUE,0,4,2,4,0,324,95,3,198,91,0,119,61,7.6,74,10,4.8,0,0,3.7,0,0,0,0,0,0,4,1,1,0,107,58,0,0,0,0,0,0,5.7,0,0,0,0,0,0,0,0,0,0,0,0,5,2,8,0,73,48,3.1,112,97,0,152,83,5.8,187,40,0,220,79,5,310,38,6.3,343,20,0,5,3,6,0,54,39,0,126,100,3,173,90,6.8,199,88,4.4,261,65,2.5,354,25,5.7,0,0
20251209161500_A_1003450499_TR.jpg,FALSE,0,4,2,2,5.2,381,79,5.9,296,87,0,0,0,0,0,0,0,0,0,0,0,0,0,0,0,0,4,2,2,6.7,341,94,6.6,251,70,0,0,0,0,0,0,0,0,0,0,0,0,0,0,0,0,4,4,4,7.2,83,68,6.5,155,40,6,236,72,5.8,294,71,0,0,0,0,0,0,0,0,0,0,4,3,4,6.5,102,41,6.7,183,93,6.5,276,77,0,343,94,5.8,0,0,0,0,0,0,0,0
20251209161502_B_1003280652_TR.jpg,TRUE,0,1,1,6,4.2,313,47,4.3,281,37,2.9,250,57,4.2,189,73,3,120,71,2.4,66,36,0,0,0,0,2,1,5,5.1,369,88,0,252,115,3.5,146,80,4.4,121,76,4.7,64,51,3.3,0,0,0,0,0,0,2,1,5,5,65,32,0,175,29,2.3,245,43,4.5,315,85,2.4,348,74,3.1,0,0,0,0,0,0,3,2,6,5.5,43,60,6.5,108,72,0,136,108,4.5,222,106,4.7,288,73,4.5,333,23,5.7,0,0
20251209161740_B_1003569657_TR.jpg,TRUE,0,3,3,4,5,357,4,5.1,290,59,4.6,217,96,3.4,141,11,0,0,0,0,0,0,0,0,0,0,3,3,4,4.9,288,84,4.7,209,56,4.8,130,95,3,70,73,0,0,0,0,0,0,0,0,0,0,3,3,7,5,44,64,5.1,72,66,5,140,58,2.1,214,69,3.5,291,64,3.2,348,78,3.5,366,11,0,3,3,3,5.4,132,26,5.1,207,76,5,282,60,0,0,0,0,0,0,0,0,0,0,0,0
20251209161755_A_1003519029_TR.jpg,FALSE,0,3,3,3,3.3,339,76,2.9,255,80,2.8,167,76,0,0,0,0,0,0,0,0,0,0,0,0,0,3,2,2,3.6,325,24,0,144,82,3.5,0,0,0,0,0,0,0,0,0,0,0,0,0,0,0,4,2,2,0,201,74,3.4,280,27,3.3,0,0,0,0,0,0,0,0,0,0,0,0,0,0,0,3,2,2,0,198,93,3.9,285,57,3.7,0,0,0,0,0,0,0,0,0,0,0,0,0,0
20251209161858_A_XXXXXXXXXX_TR.jpg,FALSE,0,3,3,3,3.9,372,103,6.9,275,51,6,99,63,0,0,0,0,0,0,0,0,0,0,0,0,0,3,2,3,0,384,108,7.3,280,49,6.7,101,101,1.8,0,0,0,0,0,0,0,0,0,0,0,0,4,3,3,7.2,94,69,7.1,171,83,6.4,341,37,0,0,0,0,0,0,0,0,0,0,0,0,0,3,3,4,4.6,70,35,7.1,174,46,6.4,218,61,2.2,336,74,0,0,0,0,0,0,0,0,0
20251209161901_B_1003607247_TR.jpg,FALSE,0,3,3,3,3.4,299,4,2.5,214,10,2.7,129,11,0,0,0,0,0,0,0,0,0,0,0,0,0,4,3,3,0,293,19,3.5,208,93,3.4,125,5,2.9,0,0,0,0,0,0,0,0,0,0,0,0,3,3,3,3.6,131,15,3.2,211,84,3,293,64,0,0,0,0,0,0,0,0,0,0,0,0,0,2,2,3,3.7,114,4,3.5,195,94,2.4,276,89,0,0,0,0,0,0,0,0,0,0,0,0
20251209162005_B_1003571314_TR.jpg,FALSE,0,5,4,4,4.1,314,19,4,244,75,0,167,6,4.3,92,41,4.6,0,0,0,0,0,0,0,0,0,4,4,4,4.5,317,31,4.6,243,10,4.8,163,54,4.2,89,72,0,0,0,0,0,0,0,0,0,0,4,4,4,3.4,121,67,4.3,199,70,4.6,275,13,5.8,359,39,0,0,0,0,0,0,0,0,0,0,4,4,4,4,106,60,5,182,53,5.6,261,37,7.7,350,89,0,0,0,0,0,0,0,0,0
20251209162024_A_1003412630_TR.jpg,FALSE,0,2,2,3,5.6,301,96,5.6,209,110,6.5,106,96,0,0,0,0,0,0,0,0,0,0,0,0,0,3,3,3,5.6,308,48,5.8,212,37,6,120,97,0,0,0,0,0,0,0,0,0,0,0,0,0,4,3,4,5.4,46,123,0,148,47,5.8,243,116,5.8,334,47,2.5,0,0,0,0,0,0,0,0,0,3,3,3,2.2,120,105,7,216,113,5.7,314,109,0,0,0,0,0,0,0,0,0,0,0,0
20251209162117_B_1003602870_TR.jpg,TRUE,0,5,4,5,4.2,329,63,3.7,252,58,4.2,178,72,0,101,47,3.7,0,0,2.6,0,0,0,0,0,0,4,4,5,4.3,337,25,3.9,296,16,4.2,255,66,2.2,176,3,2.5,103,51,0,0,0,0,0,0,0,4,3,4,3.9,101,77,0,186,2,4.6,267,43,4.3,353,76,3.9,0,0,0,0,0,0,0,0,0,4,4,5,4.1,101,20,4,141,10,4.4,184,45,4.5,271,34,3.2,343,18,0,0,0,0,0,0
20251209162129_A_1003240950_TR.jpg,FALSE,0,2,2,3,9.5,333,83,4.4,244,4,4.6,159,91,0,0,0,0,0,0,0,0,0,0,0,0,0,5,3,3,0,306,23,4.7,221,85,4.4,132,101,0,0,0,4,0,0,0,0,0,0,0,0,0,3,3,3,5.5,144,30,5.4,220,104,5.4,297,23,0,0,0,0,0,0,0,0,0,0,0,0,0,3,3,3,4.9,155,89,4.5,230,105,4.4,325,38,0,0,0,0,0,0,0,0,0,0,0,0
20251209162227_B_1003562475_TR.jpg,TRUE,0,5,3,7,0,395,64,6.2,355,29,2.6,321,34,5.8,293,39,0,220,15,2.9,127,70,2.5,90,60,0,5,3,4,6.5,332,83,0,242,32,7.2,125,45,6.4,86,39,0,0,0,5.4,0,0,0,0,0,0,3,3,6,6.8,45,62,6.8,101,60,7.1,196,33,3.2,249,36,6,311,87,5.5,353,68,0,0,0,0,3,3,5,7.4,86,66,7,136,61,6.3,177,9,5.5,231,37,6.4,334,74,0,0,0,0,0,0
20251209162357_A_1003602869_TR.jpg,FALSE,0,3,1,2,0,253,92,5.1,151,102,0,0,0,5.7,0,0,0,0,0,0,0,0,0,0,0,0,3,3,3,4.2,322,102,4.7,249,80,4.2,141,110,0,0,0,0,0,0,0,0,0,0,0,0,0,3,1,2,0,190,111,0,288,86,4.9,0,0,5.3,0,0,0,0,0,0,0,0,0,0,0,0,3,2,2,0,166,117,5.3,276,30,4.3,0,0,0,0,0,0,0,0,0,0,0,0,0,0
20251209162414_B_1003519039_TR.jpg,FALSE,0,2,2,2,2.5,298,119,2.3,131,36,0,0,0,0,0,0,0,0,0,0,0,0,0,0,0,0,2,2,2,3.3,305,98,2.8,127,69,0,0,0,0,0,0,0,0,0,0,0,0,0,0,0,0,2,2,2,3.4,127,17,3.1,285,87,0,0,0,0,0,0,0,0,0,0,0,0,0,0,0,0,3,0,0,0,0,0,0,0,0,0,0,0,0,0,0,0,0,0,0,0,0,0,0,0
20251209162508_A_1003592949_TR.jpg,FALSE,0,4,4,4,4,331,12,4.8,251,12,4.4,179,69,3.3,103,2,0,0,0,0,0,0,0,0,0,0,4,2,4,3.8,320,43,0,239,85,0,170,3,3.2,85,18,5.2,0,0,4.7,0,0,0,0,0,0,4,4,4,3.9,108,51,4.8,185,76,4.4,254,19,2.7,329,72,0,0,0,0,0,0,0,0,0,0,4,4,4,3.6,90,24,4.9,169,15,4.6,238,48,2.8,319,30,0,0,0,0,0,0,0,0,0
20251209162601_B_1003395437_TR.jpg,TRUE,0,2,2,7,3.8,349,36,4,318,83,2.6,274,6,2.8,243,29,4.2,180,65,2.6,132,24,3.3,58,3,0,2,2,7,5.8,354,77,6.2,322,86,4.5,238,24,6.2,168,56,5,125,65,3,101,69,2.5,83,36,0,2,2,7,4.3,31,9,4.5,55,3,2.6,93,62,3.5,109,49,4,166,80,4.7,227,67,1.9,353,34,0,3,2,5,5.7,88,5,6.4,162,24,0,246,56,5.4,316,6,3.5,358,68,5.1,0,0,0,0,0
20251209162653_A_1003465949_TR.jpg,TRUE,0,3,3,5,4.2,388,101,5,294,77,5,228,91,5.1,160,20,2.8,101,70,0,0,0,0,0,0,0,4,4,4,3.8,336,81,3.2,253,96,4.7,192,79,5,136,81,0,0,0,0,0,0,0,0,0,0,4,4,4,4.2,83,53,4.1,161,75,4.8,220,90,5,280,82,0,0,0,0,0,0,0,0,0,0,3,2,5,4.7,82,91,0,116,55,3.6,144,64,3.2,222,19,3.1,284,61,4.8,0,0,0,0,0
20251209162826_A_1003569668_TR.jpg,TRUE,0,3,1,6,0,390,80,6.2,320,9,0,250,67,3,143,39,2.1,101,21,6.3,58,32,6.7,0,0,0,3,1,3,0,381,15,7.6,250,57,0,108,53,1.8,0,0,6.5,0,0,0,0,0,0,0,0,0,2,1,4,7.2,48,8,0,89,57,3.4,181,64,4.7,317,65,5.9,0,0,0,0,0,0,0,0,0,3,1,2,0,179,77,7.3,325,33,0,0,0,6,0,0,0,0,0,0,0,0,0,0,0
20251209162845_B_1003554291_TR.jpg,TRUE,0,3,1,3,0,298,88,4.2,226,116,0,149,104,5.2,0,0,3.2,0,0,0,0,0,0,0,0,0,3,1,1,0,122,3,0,0,0,4.6,0,0,0,0,0,0,0,0,0,0,0,0,0,0,0,3,1,4,0,206,102,3,236,122,0,254,14,2.1,274,116,1.9,0,0,1.9,0,0,0,0,0,0,3,0,1,0,129,80,0,0,0,0,0,0,2.9,0,0,0,0,0,0,0,0,0,0,0
20251209162948_A_1003569554_TR.jpg,FALSE,0,3,1,1,2.6,302,124,0,0,0,0,0,0,0,0,0,0,0,0,0,0,0,0,0,0,0,4,1,2,4.3,304,86,0,172,27,0,0,0,0,0,0,4.8,0,0,0,0,0,0,0,0,0,1,0,1,0,300,6,5,0,0,0,0,0,0,0,0,0,0,0,0,0,0,0,0,0,0,4,0,1,0,255,26,0,0,0,0,0,0,0,0,0,4.8,0,0,0,0,0,0,0,0
20251209162958_B_1003393620_TR.jpg,TRUE,0,3,2,2,5.3,315,84,0,130,45,5.3,0,0,0,0,0,0,0,0,0,0,0,0,0,0,0,3,3,3,4.9,314,55,4,222,97,4.8,123,23,0,0,0,0,0,0,0,0,0,0,0,0,0,4,3,3,0,124,19,4.7,219,98,5,311,70,4.1,0,0,0,0,0,0,0,0,0,0,0,0,3,2,4,0,113,104,4.8,160,77,4.5,198,7,4.7,287,78,3,0,0,0,0,0,0,0,0
20251209163055_B_1003465472_TR.jpg,TRUE,0,4,3,5,3.4,382,96,7.7,303,33,0,229,92,7.3,167,52,7,119,42,8,0,0,0,0,0,0,4,2,3,5.2,327,74,0,189,70,6.4,118,26,0,0,0,5.9,0,0,0,0,0,0,0,0,0,4,1,5,0,81,85,0,135,39,0,149,6,6.1,172,28,4.8,321,39,7.6,0,0,3.9,0,0,0,4,3,5,0,88,14,7,160,59,6.5,225,8,5.4,320,57,7.7,335,22,6.6,0,0,0,0,0
20251209163111_A_1003263056_TR.jpg,TRUE,0,4,3,3,4.2,295,52,0,157,74,4.6,86,43,5.9,0,0,0,0,0,0,0,0,0,0,0,0,4,2,5,5.4,320,83,0,262,39,2.9,232,76,0,202,53,1.7,157,46,2.5,0,0,1.9,0,0,0,4,3,4,5.7,109,53,3.3,185,26,0,250,86,4.6,327,24,3.3,0,0,0,0,0,0,0,0,0,4,1,1,4.7,99,69,0,0,0,0,0,0,0,0,0,0,0,0,0,0,0,0,0,0
20251209163214_B_1003602873_TR.jpg,FALSE,0,4,1,1,0,113,112,0,0,0,0,0,0,2.8,0,0,0,0,0,0,0,0,0,0,0,0,4,2,2,0,263,61,3.8,204,17,4,0,0,0,0,0,0,0,0,0,0,0,0,0,0,0,4,2,4,0,164,56,2.5,220,11,0,292,28,2.1,400,92,5,0,0,1.7,0,0,0,0,0,0,4,1,1,0,175,85,2.4,0,0,0,0,0,0,0,0,0,0,0,0,0,0,0,0,0
20251209163235_A_1003519043_TR.jpg,TRUE,0,3,0,5,0,275,65,0,216,54,0,179,102,4.6,152,27,6,114,125,3.2,0,0,4.1,0,0,0,5,1,3,4.5,316,90,0,285,95,0,147,121,0,0,0,0,0,0,5.8,0,0,2.2,0,0,0,3,2,5,0,119,77,2.9,152,111,4.4,239,115,5.9,263,64,2.4,320,102,2.6,0,0,0,0,0,0,4,1,5,0,118,44,0,168,64,0,198,36,4.2,244,35,4.7,286,83,2.2,0,0,2.8,0,0
20251209163305_B_1003136146_TR.jpg,TRUE,0,3,3,6,5.5,399,22,5.3,366,34,5,317,118,6.9,301,113,3.1,218,85,5.5,146,55,0,0,0,0,3,2,3,0,315,76,5.3,216,68,4.6,97,96,3.7,0,0,0,0,0,0,0,0,0,0,0,0,4,3,3,0,149,97,5.3,223,33,5.6,291,97,5.6,0,0,0,0,0,0,0,0,0,0,0,0,3,3,3,5.5,133,61,5.7,218,40,5.2,288,116,0,0,0,0,0,0,0,0,0,0,0,0
20251209163413_A_1003554361_TR.jpg,FALSE,0,2,1,3,5.5,321,74,0,227,106,5.3,131,60,5.5,0,0,0,0,0,0,0,0,0,0,0,0,1,1,4,5.7,343,91,3.5,300,77,5.9,207,70,5.7,124,58,0,0,0,0,0,0,0,0,0,0,2,2,4,6.3,47,44,6,123,64,3.6,215,33,5.8,281,83,0,0,0,0,0,0,0,0,0,0,1,1,4,6.1,120,104,5.7,218,79,5.7,302,107,3.6,377,33,0,0,0,0,0,0,0,0,0
20251209163545_B_1003409255_TR.jpg,TRUE,0,1,0,6,0,349,11,4.8,325,61,2.5,252,47,5.4,197,41,6.1,172,96,5.6,77,33,5.2,0,0,0,4,4,7,0,376,116,5.7,354,53,m,314,111,5.3,250,29,3.9,194,19,3.8,175,95,6.3,99,75,0,2,3,7,5.7,67,41,m,92,93,5.8,160,100,4.6,178,71,4.9,225,79,1.7,288,7,0,385,6,0,4,2,3,0,175,57,0,228,62,4.1,306,116,3.9,0,0,5.8,0,0,0,0,0,0,0,0
20251209163557_A_1003519032_TR.jpg,FALSE,0,1,1,3,2.7,303,8,2.6,219,21,1.9,132,11,0,0,0,0,0,0,0,0,0,0,0,0,0,2,2,2,3.6,314,100,4.4,126,40,0,0,0,0,0,0,0,0,0,0,0,0,0,0,0,0,2,2,3,2.8,127,81,2.5,291,84,1.6,400,47,0,0,0,0,0,0,0,0,0,0,0,0,0,4,3,3,4.4,110,45,3.5,206,20,0,305,19,3.8,0,0,0,0,0,0,0,0,0,0,0
20251209163638_B_1003450495_TR.jpg,FALSE,0,3,3,4,5.4,278,65,5.4,209,84,5.5,137,64,2.9,71,38,0,0,0,0,0,0,0,0,0,0,4,3,0,0,305,36,0,229,13,0,150,63,0,0,0,0,0,0,0,0,0,0,0,0,0,4,3,5,5.2,88,48,0,156,12,4.7,230,74,5.3,302,74,2.8,370,41,2.7,0,0,0,0,0,0,3,3,3,4.6,120,30,4,194,44,5,274,52,0,0,0,0,0,0,0,0,0,0,0,0
20251209163642_A_1003465470_TR.jpg,FALSE,0,3,3,3,4.3,310,91,4.4,231,14,4.2,155,94,0,0,0,0,0,0,0,0,0,0,0,0,0,3,3,3,4.7,291,113,5.4,211,86,4.5,129,94,0,0,0,0,0,0,0,0,0,0,0,0,0,4,3,3,4.8,130,13,4.5,204,73,4.7,273,106,0,0,0,0,0,0,0,0,0,0,0,0,0,3,3,3,4.2,133,121,4.5,212,56,4.3,291,80,0,0,0,0,0,0,0,0,0,0,0,0
20251209163738_B_1003519035_TR.jpg,TRUE,0,3,2,4,5.8,391,104,0,373,26,5.6,329,89,3.6,120,58,4.4,0,0,0,0,0,0,0,0,0,5,3,4,4.9,327,91,0,201,5,5.1,125,50,4.6,71,52,0,0,0,2.9,0,0,0,0,0,0,3,3,5,6.1,85,91,3,105,98,6.5,231,96,3.2,304,63,3.5,353,70,0,0,0,0,0,0,0,3,2,3,4.7,95,61,0,302,25,4.9,354,113,1.7,0,0,0,0,0,0,0,0,0,0,0
20251209163807_A_1003450496_TR.jpg,FALSE,0,4,3,3,4.7,339,58,4.8,273,27,4.3,213,66,0,0,0,0,0,0,0,0,0,0,0,0,0,4,2,2,4.3,331,33,4.5,267,83,0,0,0,0,0,0,0,0,0,0,0,0,0,0,0,0,4,4,4,4.8,129,72,4.9,185,29,4.7,242,73,4.5,317,28,0,0,0,0,0,0,0,0,0,0,4,4,4,5.4,113,39,4.9,173,74,4.2,236,72,3.7,313,18,0,0,0,0,0,0,0,0,0
20251209163821_B_1003592932_TR.jpg,FALSE,0,3,3,4,5.5,286,17,5.9,214,56,5,136,81,3.3,68,52,0,0,0,0,0,0,0,0,0,0,3,3,4,5,287,14,5.4,208,16,5.4,131,76,3.4,52,71,0,0,0,0,0,0,0,0,0,0,3,3,4,5.3,75,15,5.9,148,68,5.8,228,17,2.7,309,25,0,0,0,0,0,0,0,0,0,0,3,3,4,5,71,79,5.8,153,72,5.4,245,81,2.3,332,67,0,0,0,0,0,0,0,0,0
20251209163929_A_1003519034_TR.jpg,FALSE,0,2,2,2,3.9,303,8,3,133,90,0,0,0,0,0,0,0,0,0,0,0,0,0,0,0,0,2,2,2,3.4,301,43,2.6,124,101,0,0,0,0,0,0,0,0,0,0,0,0,0,0,0,0,2,2,2,4.2,124,77,3.2,302,119,0,0,0,0,0,0,0,0,0,0,0,0,0,0,0,0,2,2,2,3.3,119,50,3,289,49,0,0,0,0,0,0,0,0,0,0,0,0,0,0,0
20251209163938_B_1003600632_TR.jpg,FALSE,0,4,2,4,0,325,54,0,245,58,3.3,195,106,4.5,110,105,4.8,0,0,6.2,0,0,0,0,0,0,1,0,5,0,358,116,5.2,264,79,5.3,185,68,5.1,112,82,4.8,50,63,3.3,0,0,0,0,0,0,1,0,5,0,48,97,5.5,96,108,4.7,189,112,3.8,263,107,3.8,345,59,4.8,0,0,0,0,0,0,2,2,5,3.6,104,119,5.9,201,28,5.1,255,83,4.1,323,40,7.1,358,78,0,0,0,0,0,0
20251209164050_B_1003600676_TR.jpg,TRUE,0,3,2,4,3.4,319,49,0,226,44,1.9,201,10,2.7,114,100,3.2,0,0,0,0,0,0,0,0,0,4,3,3,4,341,41,0,217,95,4.4,122,112,3.6,0,0,0,0,0,0,0,0,0,0,0,0,2,2,3,4.8,110,106,4.5,210,101,1.9,402,107,0,0,0,0,0,0,0,0,0,0,0,0,0,3,2,3,0,115,107,4.9,221,52,4,325,95,3.2,0,0,0,0,0,0,0,0,0,0,0
20251209164118_A_1003091643_TR.jpg,FALSE,0,4,3,3,4.2,320,57,4.2,248,45,4,172,22,0,0,0,0,0,0,0,0,0,0,0,0,0,3,3,4,3.9,361,65,4.1,283,65,4.1,198,96,3.6,140,26,0,0,0,0,0,0,0,0,0,0,3,3,4,4.3,103,85,4.4,173,70,4.1,249,59,4.6,305,81,0,0,0,0,0,0,0,0,0,0,3,3,3,4.2,89,82,4.6,156,66,4.3,235,68,0,0,0,0,0,0,0,0,0,0,0,0
20251209164204_B_1003357243_TR.jpg,FALSE,0,3,3,3,3,326,88,3,245,34,3.6,168,36,0,0,0,0,0,0,0,0,0,0,0,0,0,2,1,2,0,178,91,5.4,97,44,3.1,0,0,0,0,0,0,0,0,0,0,0,0,0,0,0,3,3,3,3,169,41,2.9,250,61,3,330,51,0,0,0,0,0,0,0,0,0,0,0,0,0,3,3,3,2.8,107,76,3,195,84,3.8,295,105,0,0,0,0,0,0,0,0,0,0,0,0
20251209164308_B_1003599355_TR.jpg,FALSE,0,3,3,3,4.2,296,75,4.4,205,91,4.1,130,85,0,0,0,0,0,0,0,0,0,0,0,0,0,3,3,3,5,301,56,4.8,212,63,4.9,123,59,0,0,0,0,0,0,0,0,0,0,0,0,0,3,3,3,5.3,119,57,5.1,199,30,4.6,275,47,0,0,0,0,0,0,0,0,0,0,0,0,0,3,3,3,6,114,81,6.1,205,62,4.2,286,32,0,0,0,0,0,0,0,0,0,0,0,0
20251209164317_A_1003591321_TR.jpg,FALSE,0,3,3,3,8.2,310,25,7.6,215,68,7.9,115,59,0,0,0,0,0,0,0,0,0,0,0,0,0,3,3,3,7.9,301,92,7.3,201,92,7.7,106,91,0,0,0,0,0,0,0,0,0,0,0,0,0,4,3,4,0,120,62,7.8,218,73,7.1,314,14,7.8,353,8,5.6,0,0,0,0,0,0,0,0,0,3,3,4,7.7,115,84,7.2,206,47,7.4,307,92,5.8,354,9,0,0,0,0,0,0,0,0,0
20251209164439_B_1003450476_TR.jpg,FALSE,0,4,4,4,6.6,313,70,6.8,252,49,7,185,71,7.2,100,71,0,0,0,0,0,0,0,0,0,0,4,4,5,7.4,379,75,6.8,305,50,7.2,229,70,6.4,130,40,3.9,45,85,0,0,0,0,0,0,0,4,4,4,6.3,104,79,6.7,166,64,6.8,228,73,8.2,313,67,0,0,0,0,0,0,0,0,0,0,4,4,4,5.9,121,45,6.3,192,50,6.9,266,39,7.7,364,53,0,0,0,0,0,0,0,0,0
20251209164611_A_1003444376_TR.jpg,TRUE,0,3,3,3,5.5,284,85,5.4,213,30,4.9,143,114,0,0,0,0,0,0,0,0,0,0,0,0,0,5,0,1,0,125,111,0,0,0,0,0,0,0,0,0,0,0,0,2.1,0,0,0,0,0,0,4,2,5,0,43,27,6.5,111,113,5.4,139,117,0,207,59,3.1,280,20,2.3,0,0,2.6,0,0,0,3,1,2,0,52,56,6.4,204,90,0,0,0,3.1,0,0,0,0,0,0,0,0,0,0,0
20251209164644_B_1003467041_TR.jpg,TRUE,0,4,2,3,0,310,20,4.6,154,68,0,110,99,5.4,0,0,3.6,0,0,0,0,0,0,0,0,0,3,3,3,4.3,363,92,4.9,238,112,5.4,117,92,0,0,0,0,0,0,0,0,0,0,0,0,0,4,2,4,2.9,113,79,6.2,213,86,0,257,72,0,299,89,4.4,0,0,6.3,0,0,0,0,0,0,4,3,3,6.9,105,33,0,234,98,7.2,350,91,8.4,0,0,0,0,0,0,0,0,0,0,0
20251209164853_B_1003357054_TR.jpg,TRUE,0,4,3,4,4.6,355,53,0,199,116,6.7,121,80,7.7,73,19,5.3,0,0,0,0,0,0,0,0,0,4,3,3,2.6,359,74,0,204,67,6.2,131,102,5.3,0,0,0,0,0,0,0,0,0,0,0,0,4,2,7,2.2,103,94,0,151,103,8.2,184,5,0,203,102,2.6,246,50,2,305,90,4,385,71,0,4,4,9,2.5,107,76,5.2,158,71,5.9,178,96,5.6,208,119,2.6,251,105,2.7,286,9,2.4,326,99
20251209165001_B_1003600067_TR.jpg,TRUE,0,0,0,6,2.8,376,85,3.9,351,92,2.3,330,66,4.5,250,110,5.5,139,111,2.8,74,41,0,0,0,0,3,1,3,0,244,19,5.3,130,28,0,104,37,6.5,0,0,6.1,0,0,0,0,0,0,0,0,0,2,1,7,5.4,51,100,0,73,92,2.4,89,34,3.5,173,13,2.3,236,8,6.1,277,78,5.8,330,57,0,2,2,3,5.6,175,93,6,235,48,2.7,314,68,0,0,0,0,0,0,0,0,0,0,0,0
20251209165022_A_1003608902_TR.jpg,FALSE,0,4,1,1,0,227,15,6.8,0,0,0,0,0,0,0,0,0,0,0,0,0,0,0,0,0,0,4,1,1,0,222,63,7.6,0,0,0,0,0,0,0,0,0,0,0,0,0,0,0,0,0,0,4,2,3,0,189,9,7.1,256,75,6.2,343,6,0,0,0,3.3,0,0,0,0,0,0,0,0,0,3,1,1,0,189,107,7.4,0,0,0,0,0,0,0,0,0,0,0,0,0,0,0,0,0
20251209165135_A_1003607253_TR.jpg,FALSE,0,3,2,3,6,323,22,4.9,236,16,0,66,10,2.5,0,0,0,0,0,0,0,0,0,0,0,0,4,2,2,3.6,328,122,4,236,106,0,0,0,0,0,0,0,0,0,0,0,0,0,0,0,0,3,3,3,4.5,124,111,5.2,212,98,4.8,290,89,0,0,0,0,0,0,0,0,0,0,0,0,0,4,2,2,3.9,118,72,4.5,202,56,0,0,0,0,0,0,0,0,0,0,0,0,0,0,0
20251209165144_B_1003296071_TR.jpg,FALSE,0,3,3,3,3.7,297,77,3.8,220,119,3.6,148,54,0,0,0,0,0,0,0,0,0,0,0,0,0,3,2,2,3.3,278,77,2.9,200,112,0,0,0,0,0,0,0,0,0,0,0,0,0,0,0,0,4,3,3,3.8,138,89,0,215,114,3.7,282,110,3.4,0,0,0,0,0,0,0,0,0,0,0,0,3,1,1,0,207,71,2.3,0,0,0,0,0,0,0,0,0,0,0,0,0,0,0,0,0
20251209165244_B_1003444378_TR.jpg,TRUE,0,4,3,5,6.4,366,42,7.2,312,60,7.6,238,64,0,166,58,5,92,67,2.1,0,0,0,0,0,0,4,3,4,8,218,62,7.8,129,47,7.7,0,0,0,0,0,5.3,0,0,0,0,0,0,0,0,0,4,2,4,0,166,27,7.6,235,23,7.2,312,72,0,359,1,1.8,0,0,2.4,0,0,0,0,0,0,4,3,3,8.1,149,58,7.6,236,71,7.8,332,7,0,0,0,0,0,0,0,0,0,0,0,0
20251209165259_A_1003590543_TR.jpg,TRUE,0,3,3,4,7.9,332,19,7.1,249,23,6.6,192,71,2.5,157,3,0,0,0,0,0,0,0,0,0,0,3,2,6,6.4,309,87,0,229,110,5.2,208,39,1.9,192,73,3.1,106,9,5.7,82,17,5.9,0,0,0,3,1,6,0,38,86,7,193,32,0,268,93,2.3,335,99,5.9,353,59,6.8,0,0,4.8,0,0,0,3,1,5,0,60,70,7.2,179,69,0,250,80,4.1,332,89,7.1,365,36,4.9,0,0,3.8,0,0
20251209165352_B_1003554290_TR.jpg,FALSE,0,3,3,3,6.1,306,72,6.3,224,84,6.2,140,12,0,0,0,0,0,0,0,0,0,0,0,0,0,3,3,3,6.3,309,84,1.9,224,3,3.8,135,102,0,0,0,0,0,0,0,0,0,0,0,0,0,4,3,4,2.9,115,94,6.8,194,92,7.4,270,82,0,385,114,1.6,0,0,0,0,0,0,0,0,0,3,1,2,0,132,122,0,302,8,6.5,0,0,3.7,0,0,0,0,0,0,0,0,0,0,0
20251209165425_A_1003344239_TR.jpg,FALSE,0,4,3,3,0,304,123,4.6,223,120,5.8,144,61,5.8,0,0,0,0,0,0,0,0,0,0,0,0,3,3,3,5.8,300,16,6.3,215,110,5.8,130,114,0,0,0,0,0,0,0,0,0,0,0,0,0,3,3,3,6,131,124,4.8,211,102,5.8,282,82,0,0,0,0,0,0,0,0,0,0,0,0,0,3,2,2,6.1,137,64,0,299,125,6.2,0,0,0,0,0,0,0,0,0,0,0,0,0,0
20251209165456_B_1003569669_TR.jpg,FALSE,0,3,3,3,2.2,334,122,6.5,258,28,3.9,178,108,0,0,0,0,0,0,0,0,0,0,0,0,0,3,3,3,4.6,323,46,6.9,248,107,4.4,165,84,0,0,0,0,0,0,0,0,0,0,0,0,0,4,2,3,0,65,6,6.1,205,75,5.9,276,47,0,0,0,2.9,0,0,0,0,0,0,0,0,0,3,3,3,5.2,136,37,5.3,209,87,5.7,286,5,0,0,0,0,0,0,0,0,0,0,0,0
20251209165537_A_1003591303_TR.jpg,FALSE,0,3,1,2,0,385,72,8.4,222,35,0,0,0,3.1,0,0,0,0,0,0,0,0,0,0,0,0,3,3,3,6.3,310,63,8.7,212,107,6.2,119,60,0,0,0,0,0,0,0,0,0,0,0,0,0,3,2,2,0,218,46,8.2,299,17,1.8,0,0,0,0,0,0,0,0,0,0,0,0,0,0,0,3,1,1,0,200,78,7.9,0,0,0,0,0,0,0,0,0,0,0,0,0,0,0,0,0
20251209165558_B_1003522519_TR.jpg,FALSE,0,4,4,5,6.8,378,96,6.6,303,90,6.6,227,36,5.6,133,9,3.7,65,11,0,0,0,0,0,0,0,4,3,4,5.5,361,83,0,282,106,5.6,204,74,5,110,67,5.6,0,0,0,0,0,0,0,0,0,4,4,4,5.3,114,71,5.4,179,65,5.5,246,13,5.7,333,61,0,0,0,0,0,0,0,0,0,0,4,4,4,6.7,103,77,6.7,176,75,7.2,245,77,6.9,330,19,0,0,0,0,0,0,0,0,0
